id,firstname,lastname,email,email2,profession
100,Bobbi,Roumell,Bobbi.Roumell@yopmail.com,Bobbi.Roumell@gmail.com,police officer
101,Blinni,Ciro,Blinni.Ciro@yopmail.com,Blinni.Ciro@gmail.com,developer
102,Fred,O'Carroll,Fred.O'Carroll@yopmail.com,Fred.O'Carroll@gmail.com,worker
103,Annora,Bashemeth,Annora.Bashemeth@yopmail.com,Annora.Bashemeth@gmail.com,developer
104,Fidelia,Alarise,Fidelia.Alarise@yopmail.com,Fidelia.Alarise@gmail.com,firefighter
105,Charmaine,Flita,Charmaine.Flita@yopmail.com,Charmaine.Flita@gmail.com,firefighter
106,Sindee,Rebecka,Sindee.Rebecka@yopmail.com,Sindee.Rebecka@gmail.com,developer
107,Lorne,Donell,Lorne.Donell@yopmail.com,Lorne.Donell@gmail.com,worker
108,Alyssa,Palocz,Alyssa.Palocz@yopmail.com,Alyssa.Palocz@gmail.com,developer
109,Farrah,Pulsifer,Farrah.Pulsifer@yopmail.com,Farrah.Pulsifer@gmail.com,police officer