id,firstname,lastname,email,email2,profession
100,Rochette,Junie,Rochette.Junie@yopmail.com,Rochette.Junie@gmail.com,police officer
101,Lelah,Astra,Lelah.Astra@yopmail.com,Lelah.Astra@gmail.com,firefighter
102,Barbara,Goerke,Barbara.Goerke@yopmail.com,Barbara.Goerke@gmail.com,firefighter
103,Dyann,Cordi,Dyann.Cordi@yopmail.com,Dyann.Cordi@gmail.com,doctor
104,Rori,Sinegold,Rori.Sinegold@yopmail.com,Rori.Sinegold@gmail.com,firefighter
105,Carolina,Joni,Carolina.Joni@yopmail.com,Carolina.Joni@gmail.com,police officer
106,Desirae,Gower,Desirae.Gower@yopmail.com,Desirae.Gower@gmail.com,developer
107,Emelina,Abbot,Emelina.Abbot@yopmail.com,Emelina.Abbot@gmail.com,police officer
108,Janey,Zrike,Janey.Zrike@yopmail.com,Janey.Zrike@gmail.com,worker
109,Cyb,Leifeste,Cyb.Leifeste@yopmail.com,Cyb.Leifeste@gmail.com,doctor
110,Ada,Secrest,Ada.Secrest@yopmail.com,Ada.Secrest@gmail.com,firefighter
111,Merle,Marcellus,Merle.Marcellus@yopmail.com,Merle.Marcellus@gmail.com,doctor
112,Sandie,Skurnik,Sandie.Skurnik@yopmail.com,Sandie.Skurnik@gmail.com,developer
113,Merrie,Felizio,Merrie.Felizio@yopmail.com,Merrie.Felizio@gmail.com,firefighter
114,Wileen,Annice,Wileen.Annice@yopmail.com,Wileen.Annice@gmail.com,developer
115,Codie,Edmund,Codie.Edmund@yopmail.com,Codie.Edmund@gmail.com,doctor
116,Myrtice,Jotham,Myrtice.Jotham@yopmail.com,Myrtice.Jotham@gmail.com,doctor
117,Cathyleen,Ulphia,Cathyleen.Ulphia@yopmail.com,Cathyleen.Ulphia@gmail.com,firefighter
118,Chastity,Whittaker,Chastity.Whittaker@yopmail.com,Chastity.Whittaker@gmail.com,police officer
119,Rochette,Janene,Rochette.Janene@yopmail.com,Rochette.Janene@gmail.com,firefighter
120,Katleen,Ackerley,Katleen.Ackerley@yopmail.com,Katleen.Ackerley@gmail.com,police officer
121,Lila,Nance,Lila.Nance@yopmail.com,Lila.Nance@gmail.com,police officer
122,Mireielle,Bertold,Mireielle.Bertold@yopmail.com,Mireielle.Bertold@gmail.com,doctor
123,Modestia,Dearborn,Modestia.Dearborn@yopmail.com,Modestia.Dearborn@gmail.com,developer
124,Hayley,Carmena,Hayley.Carmena@yopmail.com,Hayley.Carmena@gmail.com,firefighter
125,Rubie,Meli,Rubie.Meli@yopmail.com,Rubie.Meli@gmail.com,doctor
126,Janey,Wattenberg,Janey.Wattenberg@yopmail.com,Janey.Wattenberg@gmail.com,firefighter
127,Steffane,Posner,Steffane.Posner@yopmail.com,Steffane.Posner@gmail.com,police officer
128,Leontine,Reneta,Leontine.Reneta@yopmail.com,Leontine.Reneta@gmail.com,doctor
129,Lorenza,Fadiman,Lorenza.Fadiman@yopmail.com,Lorenza.Fadiman@gmail.com,police officer
130,Lynea,Sharl,Lynea.Sharl@yopmail.com,Lynea.Sharl@gmail.com,worker
131,Teddie,Markman,Teddie.Markman@yopmail.com,Teddie.Markman@gmail.com,worker
132,Brynna,Naashom,Brynna.Naashom@yopmail.com,Brynna.Naashom@gmail.com,developer
133,Elka,Dorcy,Elka.Dorcy@yopmail.com,Elka.Dorcy@gmail.com,firefighter
134,Lisette,Silvan,Lisette.Silvan@yopmail.com,Lisette.Silvan@gmail.com,doctor
135,Ursulina,Pandolfi,Ursulina.Pandolfi@yopmail.com,Ursulina.Pandolfi@gmail.com,developer
136,Florie,Destinee,Florie.Destinee@yopmail.com,Florie.Destinee@gmail.com,doctor
137,Angelique,Destinee,Angelique.Destinee@yopmail.com,Angelique.Destinee@gmail.com,worker
138,Kary,Podvin,Kary.Podvin@yopmail.com,Kary.Podvin@gmail.com,worker
139,Clarice,Verger,Clarice.Verger@yopmail.com,Clarice.Verger@gmail.com,doctor
140,Donetta,Serilda,Donetta.Serilda@yopmail.com,Donetta.Serilda@gmail.com,worker
141,Marika,Bollay,Marika.Bollay@yopmail.com,Marika.Bollay@gmail.com,doctor
142,Gavrielle,Mullane,Gavrielle.Mullane@yopmail.com,Gavrielle.Mullane@gmail.com,firefighter
143,Adelle,Forrer,Adelle.Forrer@yopmail.com,Adelle.Forrer@gmail.com,firefighter
144,Sarette,Cristi,Sarette.Cristi@yopmail.com,Sarette.Cristi@gmail.com,doctor
145,Dawn,Avi,Dawn.Avi@yopmail.com,Dawn.Avi@gmail.com,doctor
146,Miquela,Lindemann,Miquela.Lindemann@yopmail.com,Miquela.Lindemann@gmail.com,worker
147,Brena,Eckblad,Brena.Eckblad@yopmail.com,Brena.Eckblad@gmail.com,police officer
148,Libbie,Wooster,Libbie.Wooster@yopmail.com,Libbie.Wooster@gmail.com,developer
149,Phedra,Ilka,Phedra.Ilka@yopmail.com,Phedra.Ilka@gmail.com,firefighter
150,Tatiania,Fredi,Tatiania.Fredi@yopmail.com,Tatiania.Fredi@gmail.com,doctor
151,Concettina,Cherianne,Concettina.Cherianne@yopmail.com,Concettina.Cherianne@gmail.com,police officer
152,Jacenta,Lane,Jacenta.Lane@yopmail.com,Jacenta.Lane@gmail.com,firefighter
153,Norine,Weide,Norine.Weide@yopmail.com,Norine.Weide@gmail.com,developer
154,Gwenneth,Concha,Gwenneth.Concha@yopmail.com,Gwenneth.Concha@gmail.com,worker
155,Patricia,Wind,Patricia.Wind@yopmail.com,Patricia.Wind@gmail.com,developer
156,Sissy,Allys,Sissy.Allys@yopmail.com,Sissy.Allys@gmail.com,police officer
157,Thalia,Adalbert,Thalia.Adalbert@yopmail.com,Thalia.Adalbert@gmail.com,doctor
158,Dorothy,Sherrie,Dorothy.Sherrie@yopmail.com,Dorothy.Sherrie@gmail.com,police officer
159,Celene,Verger,Celene.Verger@yopmail.com,Celene.Verger@gmail.com,police officer
160,Janeczka,Evangelia,Janeczka.Evangelia@yopmail.com,Janeczka.Evangelia@gmail.com,worker
161,Dale,Trey,Dale.Trey@yopmail.com,Dale.Trey@gmail.com,firefighter
162,Margette,Clie,Margette.Clie@yopmail.com,Margette.Clie@gmail.com,police officer
163,Trixi,Jorgan,Trixi.Jorgan@yopmail.com,Trixi.Jorgan@gmail.com,developer
164,Selma,Wildermuth,Selma.Wildermuth@yopmail.com,Selma.Wildermuth@gmail.com,developer
165,Chloris,Lia,Chloris.Lia@yopmail.com,Chloris.Lia@gmail.com,developer
166,Demetris,Damarra,Demetris.Damarra@yopmail.com,Demetris.Damarra@gmail.com,firefighter
167,Maisey,Skurnik,Maisey.Skurnik@yopmail.com,Maisey.Skurnik@gmail.com,police officer
168,Candy,Waldron,Candy.Waldron@yopmail.com,Candy.Waldron@gmail.com,firefighter
169,Dianemarie,Rogerio,Dianemarie.Rogerio@yopmail.com,Dianemarie.Rogerio@gmail.com,doctor
170,Bobbi,Etom,Bobbi.Etom@yopmail.com,Bobbi.Etom@gmail.com,worker
171,Marsiella,Gaynor,Marsiella.Gaynor@yopmail.com,Marsiella.Gaynor@gmail.com,developer
172,Ellette,Amethist,Ellette.Amethist@yopmail.com,Ellette.Amethist@gmail.com,worker
173,Elsie,Sacken,Elsie.Sacken@yopmail.com,Elsie.Sacken@gmail.com,firefighter
174,Cathie,Vernier,Cathie.Vernier@yopmail.com,Cathie.Vernier@gmail.com,doctor
175,Wanda,Edison,Wanda.Edison@yopmail.com,Wanda.Edison@gmail.com,doctor
176,Carlie,Federica,Carlie.Federica@yopmail.com,Carlie.Federica@gmail.com,firefighter
177,Priscilla,Magnolia,Priscilla.Magnolia@yopmail.com,Priscilla.Magnolia@gmail.com,developer
178,Jacenta,Lalitta,Jacenta.Lalitta@yopmail.com,Jacenta.Lalitta@gmail.com,doctor
179,Cyb,Manolo,Cyb.Manolo@yopmail.com,Cyb.Manolo@gmail.com,police officer
180,Dorthy,Zina,Dorthy.Zina@yopmail.com,Dorthy.Zina@gmail.com,firefighter
181,Dotty,Zuzana,Dotty.Zuzana@yopmail.com,Dotty.Zuzana@gmail.com,firefighter
182,Lulita,Norvol,Lulita.Norvol@yopmail.com,Lulita.Norvol@gmail.com,worker
183,Marcelline,Fennessy,Marcelline.Fennessy@yopmail.com,Marcelline.Fennessy@gmail.com,firefighter
184,Christian,Syd,Christian.Syd@yopmail.com,Christian.Syd@gmail.com,worker
185,Ermengarde,Secrest,Ermengarde.Secrest@yopmail.com,Ermengarde.Secrest@gmail.com,police officer
186,Caritta,Sancho,Caritta.Sancho@yopmail.com,Caritta.Sancho@gmail.com,doctor
187,Beverley,Ilka,Beverley.Ilka@yopmail.com,Beverley.Ilka@gmail.com,firefighter
188,Amalie,Sammons,Amalie.Sammons@yopmail.com,Amalie.Sammons@gmail.com,police officer
189,Jaclyn,Erlandson,Jaclyn.Erlandson@yopmail.com,Jaclyn.Erlandson@gmail.com,doctor
190,Jorry,Rugen,Jorry.Rugen@yopmail.com,Jorry.Rugen@gmail.com,police officer
191,Trixi,Fillbert,Trixi.Fillbert@yopmail.com,Trixi.Fillbert@gmail.com,developer
192,Joane,Dermott,Joane.Dermott@yopmail.com,Joane.Dermott@gmail.com,developer
193,Hyacinthe,Colleen,Hyacinthe.Colleen@yopmail.com,Hyacinthe.Colleen@gmail.com,developer
194,Tracey,Charmine,Tracey.Charmine@yopmail.com,Tracey.Charmine@gmail.com,police officer
195,Odessa,Eldrid,Odessa.Eldrid@yopmail.com,Odessa.Eldrid@gmail.com,worker
196,Joceline,Vharat,Joceline.Vharat@yopmail.com,Joceline.Vharat@gmail.com,firefighter
197,Liana,Mike,Liana.Mike@yopmail.com,Liana.Mike@gmail.com,doctor
198,Kenna,McClimans,Kenna.McClimans@yopmail.com,Kenna.McClimans@gmail.com,police officer
199,Lynea,Weaks,Lynea.Weaks@yopmail.com,Lynea.Weaks@gmail.com,doctor