id,firstname,lastname,email,email2,profession
100,Millie,Edee,Millie.Edee@yopmail.com,Millie.Edee@gmail.com,police officer
101,Gui,Latini,Gui.Latini@yopmail.com,Gui.Latini@gmail.com,developer
102,Kaja,Khorma,Kaja.Khorma@yopmail.com,Kaja.Khorma@gmail.com,developer
103,Oona,Roche,Oona.Roche@yopmail.com,Oona.Roche@gmail.com,doctor
104,Cristine,Yoko,Cristine.Yoko@yopmail.com,Cristine.Yoko@gmail.com,police officer
105,Maurene,Heisel,Maurene.Heisel@yopmail.com,Maurene.Heisel@gmail.com,firefighter
106,Nickie,Lia,Nickie.Lia@yopmail.com,Nickie.Lia@gmail.com,worker
107,Tarra,Lanita,Tarra.Lanita@yopmail.com,Tarra.Lanita@gmail.com,doctor
108,Suzette,Haymes,Suzette.Haymes@yopmail.com,Suzette.Haymes@gmail.com,worker
109,Lusa,Delacourt,Lusa.Delacourt@yopmail.com,Lusa.Delacourt@gmail.com,police officer
110,Miquela,Lia,Miquela.Lia@yopmail.com,Miquela.Lia@gmail.com,worker
111,Ginnie,Darian,Ginnie.Darian@yopmail.com,Ginnie.Darian@gmail.com,firefighter
112,Petronia,Therine,Petronia.Therine@yopmail.com,Petronia.Therine@gmail.com,worker
113,Tiffie,Vastah,Tiffie.Vastah@yopmail.com,Tiffie.Vastah@gmail.com,developer
114,Ebonee,Ellord,Ebonee.Ellord@yopmail.com,Ebonee.Ellord@gmail.com,worker
115,Rosaline,Mayeda,Rosaline.Mayeda@yopmail.com,Rosaline.Mayeda@gmail.com,police officer
116,Margette,Dom,Margette.Dom@yopmail.com,Margette.Dom@gmail.com,worker
117,Tamqrah,Fry,Tamqrah.Fry@yopmail.com,Tamqrah.Fry@gmail.com,police officer
118,Aeriela,Larochelle,Aeriela.Larochelle@yopmail.com,Aeriela.Larochelle@gmail.com,doctor
119,Lorenza,Pernick,Lorenza.Pernick@yopmail.com,Lorenza.Pernick@gmail.com,doctor
120,Sallie,McNully,Sallie.McNully@yopmail.com,Sallie.McNully@gmail.com,developer
121,Hayley,Laurianne,Hayley.Laurianne@yopmail.com,Hayley.Laurianne@gmail.com,police officer
122,Arabel,Eckblad,Arabel.Eckblad@yopmail.com,Arabel.Eckblad@gmail.com,developer
123,Shandie,Kirstin,Shandie.Kirstin@yopmail.com,Shandie.Kirstin@gmail.com,firefighter
124,Nananne,August,Nananne.August@yopmail.com,Nananne.August@gmail.com,doctor
125,Aeriela,Kirbee,Aeriela.Kirbee@yopmail.com,Aeriela.Kirbee@gmail.com,police officer
126,Loree,Karna,Loree.Karna@yopmail.com,Loree.Karna@gmail.com,developer
127,Paola,Vittoria,Paola.Vittoria@yopmail.com,Paola.Vittoria@gmail.com,police officer
128,Collen,Dulciana,Collen.Dulciana@yopmail.com,Collen.Dulciana@gmail.com,worker
129,Kate,Mott,Kate.Mott@yopmail.com,Kate.Mott@gmail.com,doctor
130,Briney,Lattie,Briney.Lattie@yopmail.com,Briney.Lattie@gmail.com,firefighter
131,Ekaterina,Dash,Ekaterina.Dash@yopmail.com,Ekaterina.Dash@gmail.com,developer
132,Annecorinne,Ventre,Annecorinne.Ventre@yopmail.com,Annecorinne.Ventre@gmail.com,firefighter
133,Lynea,Jary,Lynea.Jary@yopmail.com,Lynea.Jary@gmail.com,police officer
134,Carmencita,Kolnick,Carmencita.Kolnick@yopmail.com,Carmencita.Kolnick@gmail.com,firefighter
135,Pollyanna,Pozzy,Pollyanna.Pozzy@yopmail.com,Pollyanna.Pozzy@gmail.com,worker
136,Heddie,Maisey,Heddie.Maisey@yopmail.com,Heddie.Maisey@gmail.com,worker
137,Nicoli,Saree,Nicoli.Saree@yopmail.com,Nicoli.Saree@gmail.com,doctor
138,Tressa,Reneta,Tressa.Reneta@yopmail.com,Tressa.Reneta@gmail.com,firefighter
139,Frank,Urania,Frank.Urania@yopmail.com,Frank.Urania@gmail.com,firefighter
140,Ardys,Dorine,Ardys.Dorine@yopmail.com,Ardys.Dorine@gmail.com,firefighter
141,Elsie,Flita,Elsie.Flita@yopmail.com,Elsie.Flita@gmail.com,worker
142,Monika,Gamaliel,Monika.Gamaliel@yopmail.com,Monika.Gamaliel@gmail.com,worker
143,Charmaine,Kristi,Charmaine.Kristi@yopmail.com,Charmaine.Kristi@gmail.com,police officer
144,Isa,Keelia,Isa.Keelia@yopmail.com,Isa.Keelia@gmail.com,worker
145,Kary,Sholley,Kary.Sholley@yopmail.com,Kary.Sholley@gmail.com,firefighter
146,Diena,Rese,Diena.Rese@yopmail.com,Diena.Rese@gmail.com,firefighter
147,Jasmina,Mintz,Jasmina.Mintz@yopmail.com,Jasmina.Mintz@gmail.com,firefighter
148,Berta,Hanshaw,Berta.Hanshaw@yopmail.com,Berta.Hanshaw@gmail.com,developer
149,Addia,Jena,Addia.Jena@yopmail.com,Addia.Jena@gmail.com,developer
150,Abbie,Aloise,Abbie.Aloise@yopmail.com,Abbie.Aloise@gmail.com,developer
151,Karina,Maxi,Karina.Maxi@yopmail.com,Karina.Maxi@gmail.com,firefighter
152,Joelly,Sacken,Joelly.Sacken@yopmail.com,Joelly.Sacken@gmail.com,police officer
153,Karina,Thunell,Karina.Thunell@yopmail.com,Karina.Thunell@gmail.com,firefighter
154,Kittie,Stevy,Kittie.Stevy@yopmail.com,Kittie.Stevy@gmail.com,worker
155,Shandie,Juliet,Shandie.Juliet@yopmail.com,Shandie.Juliet@gmail.com,developer
156,Corene,Dosia,Corene.Dosia@yopmail.com,Corene.Dosia@gmail.com,worker
157,Moyna,Kannry,Moyna.Kannry@yopmail.com,Moyna.Kannry@gmail.com,developer
158,Louella,Kirstin,Louella.Kirstin@yopmail.com,Louella.Kirstin@gmail.com,worker
159,Petronia,Ellord,Petronia.Ellord@yopmail.com,Petronia.Ellord@gmail.com,doctor
160,Vanessa,Alice,Vanessa.Alice@yopmail.com,Vanessa.Alice@gmail.com,police officer
161,Latisha,Halla,Latisha.Halla@yopmail.com,Latisha.Halla@gmail.com,worker
162,Tina,Gerge,Tina.Gerge@yopmail.com,Tina.Gerge@gmail.com,police officer
163,Deloria,Hailee,Deloria.Hailee@yopmail.com,Deloria.Hailee@gmail.com,developer
164,Gretal,Skurnik,Gretal.Skurnik@yopmail.com,Gretal.Skurnik@gmail.com,worker
165,Kirbee,Melony,Kirbee.Melony@yopmail.com,Kirbee.Melony@gmail.com,developer
166,Andree,Mauer,Andree.Mauer@yopmail.com,Andree.Mauer@gmail.com,worker
167,Alejandra,Fax,Alejandra.Fax@yopmail.com,Alejandra.Fax@gmail.com,police officer
168,Clo,Rolf,Clo.Rolf@yopmail.com,Clo.Rolf@gmail.com,doctor
169,Karly,Azeria,Karly.Azeria@yopmail.com,Karly.Azeria@gmail.com,doctor
170,Regina,Allys,Regina.Allys@yopmail.com,Regina.Allys@gmail.com,firefighter
171,Genovera,Isidore,Genovera.Isidore@yopmail.com,Genovera.Isidore@gmail.com,doctor
172,Cathyleen,Schwejda,Cathyleen.Schwejda@yopmail.com,Cathyleen.Schwejda@gmail.com,doctor
173,Norine,Tjon,Norine.Tjon@yopmail.com,Norine.Tjon@gmail.com,doctor
174,Roseline,Lesley,Roseline.Lesley@yopmail.com,Roseline.Lesley@gmail.com,doctor
175,Melodie,Nedrud,Melodie.Nedrud@yopmail.com,Melodie.Nedrud@gmail.com,firefighter
176,Liana,Elvyn,Liana.Elvyn@yopmail.com,Liana.Elvyn@gmail.com,developer
177,Kary,Thomasina,Kary.Thomasina@yopmail.com,Kary.Thomasina@gmail.com,developer
178,Chrystel,Fink,Chrystel.Fink@yopmail.com,Chrystel.Fink@gmail.com,police officer
179,Harrietta,Gombach,Harrietta.Gombach@yopmail.com,Harrietta.Gombach@gmail.com,worker
180,Bernie,Fiester,Bernie.Fiester@yopmail.com,Bernie.Fiester@gmail.com,police officer
181,Marcelline,Taam,Marcelline.Taam@yopmail.com,Marcelline.Taam@gmail.com,developer
182,Roxane,Kathie,Roxane.Kathie@yopmail.com,Roxane.Kathie@gmail.com,worker
183,Renae,Modie,Renae.Modie@yopmail.com,Renae.Modie@gmail.com,developer
184,Maurene,Mendez,Maurene.Mendez@yopmail.com,Maurene.Mendez@gmail.com,doctor
185,Keelia,Delila,Keelia.Delila@yopmail.com,Keelia.Delila@gmail.com,worker
186,Genevra,Yusuk,Genevra.Yusuk@yopmail.com,Genevra.Yusuk@gmail.com,developer
187,Cam,Swigart,Cam.Swigart@yopmail.com,Cam.Swigart@gmail.com,police officer
188,Joeann,Ochs,Joeann.Ochs@yopmail.com,Joeann.Ochs@gmail.com,worker
189,Annice,Zaslow,Annice.Zaslow@yopmail.com,Annice.Zaslow@gmail.com,firefighter
190,Kathi,Braun,Kathi.Braun@yopmail.com,Kathi.Braun@gmail.com,developer
191,Emylee,Gale,Emylee.Gale@yopmail.com,Emylee.Gale@gmail.com,firefighter
192,Merry,Cherianne,Merry.Cherianne@yopmail.com,Merry.Cherianne@gmail.com,police officer
193,Judy,Silvan,Judy.Silvan@yopmail.com,Judy.Silvan@gmail.com,developer
194,Peri,Romelda,Peri.Romelda@yopmail.com,Peri.Romelda@gmail.com,worker
195,Joceline,Bigner,Joceline.Bigner@yopmail.com,Joceline.Bigner@gmail.com,developer
196,Loree,Wadell,Loree.Wadell@yopmail.com,Loree.Wadell@gmail.com,firefighter
197,Constance,Podvin,Constance.Podvin@yopmail.com,Constance.Podvin@gmail.com,doctor
198,Coral,Billye,Coral.Billye@yopmail.com,Coral.Billye@gmail.com,firefighter
199,Calla,Jacobah,Calla.Jacobah@yopmail.com,Calla.Jacobah@gmail.com,developer
200,Sallie,Markman,Sallie.Markman@yopmail.com,Sallie.Markman@gmail.com,worker
201,Fanny,Knowling,Fanny.Knowling@yopmail.com,Fanny.Knowling@gmail.com,police officer
202,Margarette,Cavan,Margarette.Cavan@yopmail.com,Margarette.Cavan@gmail.com,doctor
203,Natka,Pascia,Natka.Pascia@yopmail.com,Natka.Pascia@gmail.com,developer
204,Leontine,Stacy,Leontine.Stacy@yopmail.com,Leontine.Stacy@gmail.com,police officer
205,Cordi,Bouchard,Cordi.Bouchard@yopmail.com,Cordi.Bouchard@gmail.com,developer
206,Renie,Dulciana,Renie.Dulciana@yopmail.com,Renie.Dulciana@gmail.com,firefighter
207,Andree,Curren,Andree.Curren@yopmail.com,Andree.Curren@gmail.com,police officer
208,Kittie,Neva,Kittie.Neva@yopmail.com,Kittie.Neva@gmail.com,firefighter
209,Nadine,Tristram,Nadine.Tristram@yopmail.com,Nadine.Tristram@gmail.com,worker
210,Laure,Reneta,Laure.Reneta@yopmail.com,Laure.Reneta@gmail.com,police officer
211,Mildrid,Rosalba,Mildrid.Rosalba@yopmail.com,Mildrid.Rosalba@gmail.com,police officer
212,Gerianna,Breed,Gerianna.Breed@yopmail.com,Gerianna.Breed@gmail.com,firefighter
213,Catrina,Ovid,Catrina.Ovid@yopmail.com,Catrina.Ovid@gmail.com,developer
214,Tina,Schlosser,Tina.Schlosser@yopmail.com,Tina.Schlosser@gmail.com,worker
215,Marti,Barbey,Marti.Barbey@yopmail.com,Marti.Barbey@gmail.com,doctor
216,Feliza,Trace,Feliza.Trace@yopmail.com,Feliza.Trace@gmail.com,doctor
217,Glynnis,Rhu,Glynnis.Rhu@yopmail.com,Glynnis.Rhu@gmail.com,doctor
218,Dyann,Letsou,Dyann.Letsou@yopmail.com,Dyann.Letsou@gmail.com,doctor
219,Dominga,Esmaria,Dominga.Esmaria@yopmail.com,Dominga.Esmaria@gmail.com,police officer
220,Suzette,Milde,Suzette.Milde@yopmail.com,Suzette.Milde@gmail.com,doctor
221,Bobbi,Wu,Bobbi.Wu@yopmail.com,Bobbi.Wu@gmail.com,developer
222,Britni,Rheingold,Britni.Rheingold@yopmail.com,Britni.Rheingold@gmail.com,police officer
223,Rosanne,Travax,Rosanne.Travax@yopmail.com,Rosanne.Travax@gmail.com,developer
224,Cindelyn,Lemuela,Cindelyn.Lemuela@yopmail.com,Cindelyn.Lemuela@gmail.com,developer
225,Alameda,Briney,Alameda.Briney@yopmail.com,Alameda.Briney@gmail.com,firefighter
226,Beatriz,Carri,Beatriz.Carri@yopmail.com,Beatriz.Carri@gmail.com,worker
227,Monika,Lewes,Monika.Lewes@yopmail.com,Monika.Lewes@gmail.com,police officer
228,Mary,Parsaye,Mary.Parsaye@yopmail.com,Mary.Parsaye@gmail.com,developer
229,Sadie,Lalitta,Sadie.Lalitta@yopmail.com,Sadie.Lalitta@gmail.com,developer
230,Stevana,Dominy,Stevana.Dominy@yopmail.com,Stevana.Dominy@gmail.com,worker
231,Goldie,Peti,Goldie.Peti@yopmail.com,Goldie.Peti@gmail.com,police officer
232,June,Miru,June.Miru@yopmail.com,June.Miru@gmail.com,developer
233,Gaylene,Pip,Gaylene.Pip@yopmail.com,Gaylene.Pip@gmail.com,firefighter
234,Britni,Hertzfeld,Britni.Hertzfeld@yopmail.com,Britni.Hertzfeld@gmail.com,firefighter
235,Maud,Simmonds,Maud.Simmonds@yopmail.com,Maud.Simmonds@gmail.com,worker
236,Ashlee,Alabaster,Ashlee.Alabaster@yopmail.com,Ashlee.Alabaster@gmail.com,firefighter
237,Helena,Kevon,Helena.Kevon@yopmail.com,Helena.Kevon@gmail.com,developer
238,Goldie,Dyche,Goldie.Dyche@yopmail.com,Goldie.Dyche@gmail.com,doctor
239,Glenda,Strephon,Glenda.Strephon@yopmail.com,Glenda.Strephon@gmail.com,doctor
240,Cordi,Elsinore,Cordi.Elsinore@yopmail.com,Cordi.Elsinore@gmail.com,firefighter
241,Dolli,Maryanne,Dolli.Maryanne@yopmail.com,Dolli.Maryanne@gmail.com,police officer
242,Minda,Gino,Minda.Gino@yopmail.com,Minda.Gino@gmail.com,worker
243,Laurene,Morehouse,Laurene.Morehouse@yopmail.com,Laurene.Morehouse@gmail.com,firefighter
244,Norine,Elisha,Norine.Elisha@yopmail.com,Norine.Elisha@gmail.com,firefighter
245,Agathe,Ethban,Agathe.Ethban@yopmail.com,Agathe.Ethban@gmail.com,firefighter
246,Maridel,Mata,Maridel.Mata@yopmail.com,Maridel.Mata@gmail.com,developer
247,Priscilla,Sharl,Priscilla.Sharl@yopmail.com,Priscilla.Sharl@gmail.com,developer
248,Lila,Charmine,Lila.Charmine@yopmail.com,Lila.Charmine@gmail.com,doctor
249,Feliza,Simmonds,Feliza.Simmonds@yopmail.com,Feliza.Simmonds@gmail.com,doctor
250,Edee,Yam,Edee.Yam@yopmail.com,Edee.Yam@gmail.com,police officer
251,Teddie,Dannye,Teddie.Dannye@yopmail.com,Teddie.Dannye@gmail.com,firefighter
252,Mara,Laurianne,Mara.Laurianne@yopmail.com,Mara.Laurianne@gmail.com,police officer
253,Jaime,Auberbach,Jaime.Auberbach@yopmail.com,Jaime.Auberbach@gmail.com,worker
254,Deirdre,Edmund,Deirdre.Edmund@yopmail.com,Deirdre.Edmund@gmail.com,doctor
255,Nickie,Vastah,Nickie.Vastah@yopmail.com,Nickie.Vastah@gmail.com,worker
256,Ernesta,Kalinda,Ernesta.Kalinda@yopmail.com,Ernesta.Kalinda@gmail.com,police officer
257,Corina,Hermes,Corina.Hermes@yopmail.com,Corina.Hermes@gmail.com,developer
258,Claresta,Persse,Claresta.Persse@yopmail.com,Claresta.Persse@gmail.com,worker
259,Jolyn,Cadmar,Jolyn.Cadmar@yopmail.com,Jolyn.Cadmar@gmail.com,doctor
260,Margarette,Juliet,Margarette.Juliet@yopmail.com,Margarette.Juliet@gmail.com,police officer
261,Ursulina,Prouty,Ursulina.Prouty@yopmail.com,Ursulina.Prouty@gmail.com,worker
262,Cam,Gregrory,Cam.Gregrory@yopmail.com,Cam.Gregrory@gmail.com,firefighter
263,Alia,Reinke,Alia.Reinke@yopmail.com,Alia.Reinke@gmail.com,firefighter
264,Darci,Margret,Darci.Margret@yopmail.com,Darci.Margret@gmail.com,police officer
265,Jacenta,Velick,Jacenta.Velick@yopmail.com,Jacenta.Velick@gmail.com,doctor
266,Cristine,Vale,Cristine.Vale@yopmail.com,Cristine.Vale@gmail.com,worker
267,Regina,Jena,Regina.Jena@yopmail.com,Regina.Jena@gmail.com,firefighter
268,Lynea,Toni,Lynea.Toni@yopmail.com,Lynea.Toni@gmail.com,developer
269,Oona,Corabella,Oona.Corabella@yopmail.com,Oona.Corabella@gmail.com,developer
270,Fred,Roumell,Fred.Roumell@yopmail.com,Fred.Roumell@gmail.com,firefighter
271,Dolli,Fry,Dolli.Fry@yopmail.com,Dolli.Fry@gmail.com,firefighter
272,Doralynne,Gilmour,Doralynne.Gilmour@yopmail.com,Doralynne.Gilmour@gmail.com,worker
273,Vere,Thema,Vere.Thema@yopmail.com,Vere.Thema@gmail.com,developer
274,Katuscha,Norvol,Katuscha.Norvol@yopmail.com,Katuscha.Norvol@gmail.com,doctor
275,Clarice,Bibi,Clarice.Bibi@yopmail.com,Clarice.Bibi@gmail.com,doctor
276,Rosanne,Warthman,Rosanne.Warthman@yopmail.com,Rosanne.Warthman@gmail.com,firefighter
277,Tybie,Darbie,Tybie.Darbie@yopmail.com,Tybie.Darbie@gmail.com,police officer
278,Sabina,Yusuk,Sabina.Yusuk@yopmail.com,Sabina.Yusuk@gmail.com,police officer
279,Tonia,Braun,Tonia.Braun@yopmail.com,Tonia.Braun@gmail.com,doctor
280,Vonny,Amand,Vonny.Amand@yopmail.com,Vonny.Amand@gmail.com,worker
281,Linet,Anselmi,Linet.Anselmi@yopmail.com,Linet.Anselmi@gmail.com,firefighter
282,Jan,Zina,Jan.Zina@yopmail.com,Jan.Zina@gmail.com,doctor
283,Annecorinne,Baylor,Annecorinne.Baylor@yopmail.com,Annecorinne.Baylor@gmail.com,doctor
284,Clary,Rudolph,Clary.Rudolph@yopmail.com,Clary.Rudolph@gmail.com,firefighter
285,Ana,Chobot,Ana.Chobot@yopmail.com,Ana.Chobot@gmail.com,developer
286,Emylee,Charity,Emylee.Charity@yopmail.com,Emylee.Charity@gmail.com,developer
287,Zia,Kolnick,Zia.Kolnick@yopmail.com,Zia.Kolnick@gmail.com,firefighter
288,Lulita,Bluh,Lulita.Bluh@yopmail.com,Lulita.Bluh@gmail.com,developer
289,Alisha,Waldron,Alisha.Waldron@yopmail.com,Alisha.Waldron@gmail.com,doctor
290,Aurelie,Nunci,Aurelie.Nunci@yopmail.com,Aurelie.Nunci@gmail.com,developer
291,Bee,Hillel,Bee.Hillel@yopmail.com,Bee.Hillel@gmail.com,worker
292,Alia,Ummersen,Alia.Ummersen@yopmail.com,Alia.Ummersen@gmail.com,worker
293,Keelia,Brady,Keelia.Brady@yopmail.com,Keelia.Brady@gmail.com,doctor
294,Deirdre,An,Deirdre.An@yopmail.com,Deirdre.An@gmail.com,firefighter
295,Netty,Delila,Netty.Delila@yopmail.com,Netty.Delila@gmail.com,police officer
296,Felice,Nahum,Felice.Nahum@yopmail.com,Felice.Nahum@gmail.com,police officer
297,Cacilie,Bohlin,Cacilie.Bohlin@yopmail.com,Cacilie.Bohlin@gmail.com,police officer
298,Dennie,Standing,Dennie.Standing@yopmail.com,Dennie.Standing@gmail.com,worker
299,Edyth,Pillsbury,Edyth.Pillsbury@yopmail.com,Edyth.Pillsbury@gmail.com,doctor
300,Zaria,Kenwood,Zaria.Kenwood@yopmail.com,Zaria.Kenwood@gmail.com,doctor
301,Tatiania,Wenoa,Tatiania.Wenoa@yopmail.com,Tatiania.Wenoa@gmail.com,developer
302,Corly,Nunci,Corly.Nunci@yopmail.com,Corly.Nunci@gmail.com,doctor
303,Anestassia,Emmy,Anestassia.Emmy@yopmail.com,Anestassia.Emmy@gmail.com,police officer
304,Charmaine,Shama,Charmaine.Shama@yopmail.com,Charmaine.Shama@gmail.com,firefighter
305,Myriam,Hirsch,Myriam.Hirsch@yopmail.com,Myriam.Hirsch@gmail.com,police officer
306,Ada,Prouty,Ada.Prouty@yopmail.com,Ada.Prouty@gmail.com,doctor
307,Aili,Reidar,Aili.Reidar@yopmail.com,Aili.Reidar@gmail.com,firefighter
308,Genovera,Lalitta,Genovera.Lalitta@yopmail.com,Genovera.Lalitta@gmail.com,firefighter
309,Marinna,Melan,Marinna.Melan@yopmail.com,Marinna.Melan@gmail.com,firefighter
310,Gusella,Ries,Gusella.Ries@yopmail.com,Gusella.Ries@gmail.com,firefighter
311,Morganica,Han,Morganica.Han@yopmail.com,Morganica.Han@gmail.com,police officer
312,Aili,Plato,Aili.Plato@yopmail.com,Aili.Plato@gmail.com,firefighter
313,Edyth,O'Rourke,Edyth.O'Rourke@yopmail.com,Edyth.O'Rourke@gmail.com,doctor
314,Liana,Baptlsta,Liana.Baptlsta@yopmail.com,Liana.Baptlsta@gmail.com,firefighter
315,Mariann,Philoo,Mariann.Philoo@yopmail.com,Mariann.Philoo@gmail.com,worker
316,Grier,Rosette,Grier.Rosette@yopmail.com,Grier.Rosette@gmail.com,police officer
317,Lizzie,Means,Lizzie.Means@yopmail.com,Lizzie.Means@gmail.com,developer
318,Dania,Kenwood,Dania.Kenwood@yopmail.com,Dania.Kenwood@gmail.com,developer
319,Maye,Ariella,Maye.Ariella@yopmail.com,Maye.Ariella@gmail.com,doctor
320,Maridel,Darian,Maridel.Darian@yopmail.com,Maridel.Darian@gmail.com,worker
321,Madeleine,Tiffa,Madeleine.Tiffa@yopmail.com,Madeleine.Tiffa@gmail.com,doctor
322,Demetris,Stevy,Demetris.Stevy@yopmail.com,Demetris.Stevy@gmail.com,doctor
323,Ermengarde,Poppy,Ermengarde.Poppy@yopmail.com,Ermengarde.Poppy@gmail.com,developer
324,Cassondra,Pierette,Cassondra.Pierette@yopmail.com,Cassondra.Pierette@gmail.com,developer
325,Margette,Fink,Margette.Fink@yopmail.com,Margette.Fink@gmail.com,police officer
326,Jean,Pernick,Jean.Pernick@yopmail.com,Jean.Pernick@gmail.com,firefighter
327,Basia,Mott,Basia.Mott@yopmail.com,Basia.Mott@gmail.com,developer
328,Audrie,Fredi,Audrie.Fredi@yopmail.com,Audrie.Fredi@gmail.com,worker
329,Gabriellia,Hunfredo,Gabriellia.Hunfredo@yopmail.com,Gabriellia.Hunfredo@gmail.com,police officer
330,Gale,Zenas,Gale.Zenas@yopmail.com,Gale.Zenas@gmail.com,worker
331,Kirstin,Ovid,Kirstin.Ovid@yopmail.com,Kirstin.Ovid@gmail.com,developer
332,Consuela,Dimitris,Consuela.Dimitris@yopmail.com,Consuela.Dimitris@gmail.com,firefighter
333,Albertina,Matthew,Albertina.Matthew@yopmail.com,Albertina.Matthew@gmail.com,police officer
334,Catrina,Shaddock,Catrina.Shaddock@yopmail.com,Catrina.Shaddock@gmail.com,worker
335,Berget,Virgin,Berget.Virgin@yopmail.com,Berget.Virgin@gmail.com,doctor
336,Daune,Flita,Daune.Flita@yopmail.com,Daune.Flita@gmail.com,developer
337,Ardeen,Cordi,Ardeen.Cordi@yopmail.com,Ardeen.Cordi@gmail.com,developer
338,Lynea,Iaverne,Lynea.Iaverne@yopmail.com,Lynea.Iaverne@gmail.com,worker
339,Valli,Kronfeld,Valli.Kronfeld@yopmail.com,Valli.Kronfeld@gmail.com,firefighter
340,Rori,Carbo,Rori.Carbo@yopmail.com,Rori.Carbo@gmail.com,police officer
341,Nanete,Elbertina,Nanete.Elbertina@yopmail.com,Nanete.Elbertina@gmail.com,police officer
342,Dione,Pyle,Dione.Pyle@yopmail.com,Dione.Pyle@gmail.com,developer
343,Dede,Lauraine,Dede.Lauraine@yopmail.com,Dede.Lauraine@gmail.com,firefighter
344,Rosene,Tacye,Rosene.Tacye@yopmail.com,Rosene.Tacye@gmail.com,firefighter
345,Ida,Denis,Ida.Denis@yopmail.com,Ida.Denis@gmail.com,worker
346,Lita,Evangelia,Lita.Evangelia@yopmail.com,Lita.Evangelia@gmail.com,worker
347,Helsa,Othilia,Helsa.Othilia@yopmail.com,Helsa.Othilia@gmail.com,firefighter
348,Kathy,Ephrem,Kathy.Ephrem@yopmail.com,Kathy.Ephrem@gmail.com,firefighter
349,Alexine,Caitlin,Alexine.Caitlin@yopmail.com,Alexine.Caitlin@gmail.com,police officer
350,Dulce,Ferino,Dulce.Ferino@yopmail.com,Dulce.Ferino@gmail.com,firefighter
351,Violet,Winthorpe,Violet.Winthorpe@yopmail.com,Violet.Winthorpe@gmail.com,worker
352,Tonia,Bebe,Tonia.Bebe@yopmail.com,Tonia.Bebe@gmail.com,police officer
353,Yetty,Greenwald,Yetty.Greenwald@yopmail.com,Yetty.Greenwald@gmail.com,police officer
354,Oralee,Lesley,Oralee.Lesley@yopmail.com,Oralee.Lesley@gmail.com,firefighter
355,Gabriellia,Tengdin,Gabriellia.Tengdin@yopmail.com,Gabriellia.Tengdin@gmail.com,police officer
356,Cissiee,Croix,Cissiee.Croix@yopmail.com,Cissiee.Croix@gmail.com,police officer
357,Judy,Rolf,Judy.Rolf@yopmail.com,Judy.Rolf@gmail.com,firefighter
358,Mallory,Skell,Mallory.Skell@yopmail.com,Mallory.Skell@gmail.com,doctor
359,Quintina,Loleta,Quintina.Loleta@yopmail.com,Quintina.Loleta@gmail.com,police officer
360,Gretal,Phyllis,Gretal.Phyllis@yopmail.com,Gretal.Phyllis@gmail.com,worker
361,Carol-Jean,Billye,Carol-Jean.Billye@yopmail.com,Carol-Jean.Billye@gmail.com,doctor
362,Valli,Ricki,Valli.Ricki@yopmail.com,Valli.Ricki@gmail.com,firefighter
363,Luci,Dyche,Luci.Dyche@yopmail.com,Luci.Dyche@gmail.com,doctor
364,Kayla,Lail,Kayla.Lail@yopmail.com,Kayla.Lail@gmail.com,firefighter
365,Brandise,Ventre,Brandise.Ventre@yopmail.com,Brandise.Ventre@gmail.com,worker
366,Karolina,Dearborn,Karolina.Dearborn@yopmail.com,Karolina.Dearborn@gmail.com,doctor
367,Maryellen,Koehler,Maryellen.Koehler@yopmail.com,Maryellen.Koehler@gmail.com,police officer
368,Kathi,Sammons,Kathi.Sammons@yopmail.com,Kathi.Sammons@gmail.com,worker
369,Nicoli,LaRue,Nicoli.LaRue@yopmail.com,Nicoli.LaRue@gmail.com,worker
370,Collen,Berl,Collen.Berl@yopmail.com,Collen.Berl@gmail.com,doctor
371,Rhoda,Egbert,Rhoda.Egbert@yopmail.com,Rhoda.Egbert@gmail.com,developer
372,Carmencita,Uird,Carmencita.Uird@yopmail.com,Carmencita.Uird@gmail.com,worker
373,Tybie,Selway,Tybie.Selway@yopmail.com,Tybie.Selway@gmail.com,developer
374,Gui,Ricarda,Gui.Ricarda@yopmail.com,Gui.Ricarda@gmail.com,doctor
375,Maud,Anderea,Maud.Anderea@yopmail.com,Maud.Anderea@gmail.com,police officer
376,Edith,Stoller,Edith.Stoller@yopmail.com,Edith.Stoller@gmail.com,worker
377,Correy,Eno,Correy.Eno@yopmail.com,Correy.Eno@gmail.com,firefighter
378,Inga,Leffen,Inga.Leffen@yopmail.com,Inga.Leffen@gmail.com,firefighter
379,Ebonee,Lorain,Ebonee.Lorain@yopmail.com,Ebonee.Lorain@gmail.com,doctor
380,Oralee,Lamoree,Oralee.Lamoree@yopmail.com,Oralee.Lamoree@gmail.com,police officer
381,Sibella,Levey,Sibella.Levey@yopmail.com,Sibella.Levey@gmail.com,worker
382,Lindie,Fontana,Lindie.Fontana@yopmail.com,Lindie.Fontana@gmail.com,police officer
383,Orelia,Cressida,Orelia.Cressida@yopmail.com,Orelia.Cressida@gmail.com,developer
384,Tami,Minetta,Tami.Minetta@yopmail.com,Tami.Minetta@gmail.com,police officer
385,Alejandra,Dorcy,Alejandra.Dorcy@yopmail.com,Alejandra.Dorcy@gmail.com,firefighter
386,Maisey,Dorine,Maisey.Dorine@yopmail.com,Maisey.Dorine@gmail.com,doctor
387,Yetty,Clarissa,Yetty.Clarissa@yopmail.com,Yetty.Clarissa@gmail.com,developer
388,Dorothy,Toffic,Dorothy.Toffic@yopmail.com,Dorothy.Toffic@gmail.com,doctor
389,Katleen,Sadowski,Katleen.Sadowski@yopmail.com,Katleen.Sadowski@gmail.com,firefighter
390,Rochette,Docilla,Rochette.Docilla@yopmail.com,Rochette.Docilla@gmail.com,worker
391,Ketti,Bartlett,Ketti.Bartlett@yopmail.com,Ketti.Bartlett@gmail.com,worker
392,Wanda,Martguerita,Wanda.Martguerita@yopmail.com,Wanda.Martguerita@gmail.com,worker
393,Merci,Armanda,Merci.Armanda@yopmail.com,Merci.Armanda@gmail.com,firefighter
394,Genevra,Hieronymus,Genevra.Hieronymus@yopmail.com,Genevra.Hieronymus@gmail.com,doctor
395,Sidoney,Anderea,Sidoney.Anderea@yopmail.com,Sidoney.Anderea@gmail.com,police officer
396,Jsandye,Ashok,Jsandye.Ashok@yopmail.com,Jsandye.Ashok@gmail.com,worker
397,Aimil,Simmonds,Aimil.Simmonds@yopmail.com,Aimil.Simmonds@gmail.com,police officer
398,Hallie,Presber,Hallie.Presber@yopmail.com,Hallie.Presber@gmail.com,police officer
399,Giustina,Land,Giustina.Land@yopmail.com,Giustina.Land@gmail.com,worker
400,Minda,Duwalt,Minda.Duwalt@yopmail.com,Minda.Duwalt@gmail.com,firefighter
401,Lanae,Wooster,Lanae.Wooster@yopmail.com,Lanae.Wooster@gmail.com,developer
402,Wynne,Fax,Wynne.Fax@yopmail.com,Wynne.Fax@gmail.com,police officer
403,Berta,Braun,Berta.Braun@yopmail.com,Berta.Braun@gmail.com,developer
404,Arlina,Maples,Arlina.Maples@yopmail.com,Arlina.Maples@gmail.com,worker
405,Jean,Leonard,Jean.Leonard@yopmail.com,Jean.Leonard@gmail.com,firefighter
406,Gisela,Capello,Gisela.Capello@yopmail.com,Gisela.Capello@gmail.com,police officer
407,Deloria,Atonsah,Deloria.Atonsah@yopmail.com,Deloria.Atonsah@gmail.com,doctor
408,Maridel,Sidonius,Maridel.Sidonius@yopmail.com,Maridel.Sidonius@gmail.com,worker
409,Tomasina,Kare,Tomasina.Kare@yopmail.com,Tomasina.Kare@gmail.com,police officer
410,Dorothy,Land,Dorothy.Land@yopmail.com,Dorothy.Land@gmail.com,worker
411,Celestyna,Aaberg,Celestyna.Aaberg@yopmail.com,Celestyna.Aaberg@gmail.com,worker
412,Xylina,Jary,Xylina.Jary@yopmail.com,Xylina.Jary@gmail.com,developer
413,Glenda,Letsou,Glenda.Letsou@yopmail.com,Glenda.Letsou@gmail.com,firefighter
414,Elie,Ahab,Elie.Ahab@yopmail.com,Elie.Ahab@gmail.com,worker
415,Jennica,Merell,Jennica.Merell@yopmail.com,Jennica.Merell@gmail.com,doctor
416,Cyndie,Goerke,Cyndie.Goerke@yopmail.com,Cyndie.Goerke@gmail.com,worker
417,Gratia,Sadowski,Gratia.Sadowski@yopmail.com,Gratia.Sadowski@gmail.com,worker
418,Kamilah,Rosalba,Kamilah.Rosalba@yopmail.com,Kamilah.Rosalba@gmail.com,firefighter
419,Nananne,Belanger,Nananne.Belanger@yopmail.com,Nananne.Belanger@gmail.com,doctor
420,Gusella,Wilona,Gusella.Wilona@yopmail.com,Gusella.Wilona@gmail.com,firefighter
421,Renie,Barrus,Renie.Barrus@yopmail.com,Renie.Barrus@gmail.com,firefighter
422,Maud,Lorain,Maud.Lorain@yopmail.com,Maud.Lorain@gmail.com,doctor
423,Lolita,Linskey,Lolita.Linskey@yopmail.com,Lolita.Linskey@gmail.com,firefighter
424,Cherrita,Fax,Cherrita.Fax@yopmail.com,Cherrita.Fax@gmail.com,doctor
425,Nita,Goth,Nita.Goth@yopmail.com,Nita.Goth@gmail.com,doctor
426,Joeann,Germann,Joeann.Germann@yopmail.com,Joeann.Germann@gmail.com,firefighter
427,Althea,Tjon,Althea.Tjon@yopmail.com,Althea.Tjon@gmail.com,worker
428,Eolanda,Nelsen,Eolanda.Nelsen@yopmail.com,Eolanda.Nelsen@gmail.com,developer
429,Alyda,Tomasina,Alyda.Tomasina@yopmail.com,Alyda.Tomasina@gmail.com,doctor
430,Paola,Chandler,Paola.Chandler@yopmail.com,Paola.Chandler@gmail.com,police officer
431,Shannah,Gusella,Shannah.Gusella@yopmail.com,Shannah.Gusella@gmail.com,worker
432,Ayn,Thunell,Ayn.Thunell@yopmail.com,Ayn.Thunell@gmail.com,police officer
433,Ida,Kenney,Ida.Kenney@yopmail.com,Ida.Kenney@gmail.com,doctor
434,Ursulina,Terrence,Ursulina.Terrence@yopmail.com,Ursulina.Terrence@gmail.com,doctor
435,Inga,Gabrielli,Inga.Gabrielli@yopmail.com,Inga.Gabrielli@gmail.com,police officer
436,Vevay,Darbie,Vevay.Darbie@yopmail.com,Vevay.Darbie@gmail.com,doctor
437,Yetty,Shama,Yetty.Shama@yopmail.com,Yetty.Shama@gmail.com,doctor
438,Bettine,Atonsah,Bettine.Atonsah@yopmail.com,Bettine.Atonsah@gmail.com,police officer
439,June,O'Neill,June.O'Neill@yopmail.com,June.O'Neill@gmail.com,worker
440,Desirae,Gino,Desirae.Gino@yopmail.com,Desirae.Gino@gmail.com,doctor
441,Nikki,Monk,Nikki.Monk@yopmail.com,Nikki.Monk@gmail.com,doctor
442,Eolanda,Melony,Eolanda.Melony@yopmail.com,Eolanda.Melony@gmail.com,police officer
443,Henriette,Stevy,Henriette.Stevy@yopmail.com,Henriette.Stevy@gmail.com,firefighter
444,Olivette,Autrey,Olivette.Autrey@yopmail.com,Olivette.Autrey@gmail.com,worker
445,Hermione,Vorster,Hermione.Vorster@yopmail.com,Hermione.Vorster@gmail.com,developer
446,Alisha,Claudine,Alisha.Claudine@yopmail.com,Alisha.Claudine@gmail.com,firefighter
447,Celisse,Cleavland,Celisse.Cleavland@yopmail.com,Celisse.Cleavland@gmail.com,firefighter
448,Rhoda,Girardo,Rhoda.Girardo@yopmail.com,Rhoda.Girardo@gmail.com,firefighter
449,Shauna,Anselmi,Shauna.Anselmi@yopmail.com,Shauna.Anselmi@gmail.com,firefighter
450,Nicoli,Shuler,Nicoli.Shuler@yopmail.com,Nicoli.Shuler@gmail.com,worker
451,Carlie,Morgun,Carlie.Morgun@yopmail.com,Carlie.Morgun@gmail.com,firefighter
452,Farrah,Gaulin,Farrah.Gaulin@yopmail.com,Farrah.Gaulin@gmail.com,doctor
453,Orsola,Firmin,Orsola.Firmin@yopmail.com,Orsola.Firmin@gmail.com,worker
454,Aili,LaRue,Aili.LaRue@yopmail.com,Aili.LaRue@gmail.com,doctor
455,Romona,Keily,Romona.Keily@yopmail.com,Romona.Keily@gmail.com,firefighter
456,Ronna,Evangelia,Ronna.Evangelia@yopmail.com,Ronna.Evangelia@gmail.com,doctor
457,Andree,Henrie,Andree.Henrie@yopmail.com,Andree.Henrie@gmail.com,police officer
458,Ronna,Gaynor,Ronna.Gaynor@yopmail.com,Ronna.Gaynor@gmail.com,doctor
459,Elmira,Niles,Elmira.Niles@yopmail.com,Elmira.Niles@gmail.com,worker
460,Jillayne,Lutero,Jillayne.Lutero@yopmail.com,Jillayne.Lutero@gmail.com,police officer
461,Tobe,Schalles,Tobe.Schalles@yopmail.com,Tobe.Schalles@gmail.com,developer
462,Yetty,Pozzy,Yetty.Pozzy@yopmail.com,Yetty.Pozzy@gmail.com,developer
463,Katuscha,Niles,Katuscha.Niles@yopmail.com,Katuscha.Niles@gmail.com,worker
464,Fayre,Carbo,Fayre.Carbo@yopmail.com,Fayre.Carbo@gmail.com,doctor
465,Nikki,Margret,Nikki.Margret@yopmail.com,Nikki.Margret@gmail.com,police officer
466,Ricky,Gino,Ricky.Gino@yopmail.com,Ricky.Gino@gmail.com,developer
467,Ricky,Francyne,Ricky.Francyne@yopmail.com,Ricky.Francyne@gmail.com,firefighter
468,Tami,Concha,Tami.Concha@yopmail.com,Tami.Concha@gmail.com,doctor
469,Julieta,Hertzfeld,Julieta.Hertzfeld@yopmail.com,Julieta.Hertzfeld@gmail.com,police officer
470,Theodora,Center,Theodora.Center@yopmail.com,Theodora.Center@gmail.com,worker
471,Nannie,Koziara,Nannie.Koziara@yopmail.com,Nannie.Koziara@gmail.com,doctor
472,Andree,Othilia,Andree.Othilia@yopmail.com,Andree.Othilia@gmail.com,developer
473,Albertina,Berl,Albertina.Berl@yopmail.com,Albertina.Berl@gmail.com,doctor
474,Mady,Carri,Mady.Carri@yopmail.com,Mady.Carri@gmail.com,police officer
475,Abbie,Delacourt,Abbie.Delacourt@yopmail.com,Abbie.Delacourt@gmail.com,doctor
476,Jaime,Whittaker,Jaime.Whittaker@yopmail.com,Jaime.Whittaker@gmail.com,police officer
477,Janenna,Greenwald,Janenna.Greenwald@yopmail.com,Janenna.Greenwald@gmail.com,police officer
478,Shaine,Schlosser,Shaine.Schlosser@yopmail.com,Shaine.Schlosser@gmail.com,firefighter
479,Dulce,Nunci,Dulce.Nunci@yopmail.com,Dulce.Nunci@gmail.com,firefighter
480,Gloria,Sikorski,Gloria.Sikorski@yopmail.com,Gloria.Sikorski@gmail.com,doctor
481,Marline,Tayib,Marline.Tayib@yopmail.com,Marline.Tayib@gmail.com,worker
482,Orsola,Calhoun,Orsola.Calhoun@yopmail.com,Orsola.Calhoun@gmail.com,firefighter
483,Sonni,Roxanna,Sonni.Roxanna@yopmail.com,Sonni.Roxanna@gmail.com,firefighter
484,Flo,Corrine,Flo.Corrine@yopmail.com,Flo.Corrine@gmail.com,developer
485,Teriann,Lamoree,Teriann.Lamoree@yopmail.com,Teriann.Lamoree@gmail.com,worker
486,Zsa Zsa,Karna,Zsa Zsa.Karna@yopmail.com,Zsa Zsa.Karna@gmail.com,developer
487,Deirdre,Aaberg,Deirdre.Aaberg@yopmail.com,Deirdre.Aaberg@gmail.com,worker
488,Berget,Erlandson,Berget.Erlandson@yopmail.com,Berget.Erlandson@gmail.com,developer
489,Heida,Arvo,Heida.Arvo@yopmail.com,Heida.Arvo@gmail.com,developer
490,Kirstin,Adore,Kirstin.Adore@yopmail.com,Kirstin.Adore@gmail.com,firefighter
491,Justinn,O'Rourke,Justinn.O'Rourke@yopmail.com,Justinn.O'Rourke@gmail.com,developer
492,Chickie,Yuille,Chickie.Yuille@yopmail.com,Chickie.Yuille@gmail.com,doctor
493,Elyssa,Payson,Elyssa.Payson@yopmail.com,Elyssa.Payson@gmail.com,developer
494,Rosene,Jacobah,Rosene.Jacobah@yopmail.com,Rosene.Jacobah@gmail.com,police officer
495,Nickie,Read,Nickie.Read@yopmail.com,Nickie.Read@gmail.com,worker
496,Jolyn,Glenden,Jolyn.Glenden@yopmail.com,Jolyn.Glenden@gmail.com,police officer
497,Janey,Myrilla,Janey.Myrilla@yopmail.com,Janey.Myrilla@gmail.com,worker
498,Anestassia,Margret,Anestassia.Margret@yopmail.com,Anestassia.Margret@gmail.com,police officer
499,Mady,Mike,Mady.Mike@yopmail.com,Mady.Mike@gmail.com,firefighter
500,Ketti,Munn,Ketti.Munn@yopmail.com,Ketti.Munn@gmail.com,worker
501,Eugine,Tyson,Eugine.Tyson@yopmail.com,Eugine.Tyson@gmail.com,police officer
502,Hayley,Raama,Hayley.Raama@yopmail.com,Hayley.Raama@gmail.com,doctor
503,Allyce,Sinegold,Allyce.Sinegold@yopmail.com,Allyce.Sinegold@gmail.com,police officer
504,Blinni,Brotherson,Blinni.Brotherson@yopmail.com,Blinni.Brotherson@gmail.com,developer
505,Sandie,Thar,Sandie.Thar@yopmail.com,Sandie.Thar@gmail.com,developer
506,Kirstin,Anis,Kirstin.Anis@yopmail.com,Kirstin.Anis@gmail.com,doctor
507,Elsie,Pattin,Elsie.Pattin@yopmail.com,Elsie.Pattin@gmail.com,firefighter
508,Loree,Zeeba,Loree.Zeeba@yopmail.com,Loree.Zeeba@gmail.com,developer
509,Anica,Buckler,Anica.Buckler@yopmail.com,Anica.Buckler@gmail.com,worker
510,Lilith,Artie,Lilith.Artie@yopmail.com,Lilith.Artie@gmail.com,doctor
511,Doralynne,Mendez,Doralynne.Mendez@yopmail.com,Doralynne.Mendez@gmail.com,worker
512,Jerry,Mintz,Jerry.Mintz@yopmail.com,Jerry.Mintz@gmail.com,firefighter
513,Marnia,Juan,Marnia.Juan@yopmail.com,Marnia.Juan@gmail.com,police officer
514,Celene,Douglass,Celene.Douglass@yopmail.com,Celene.Douglass@gmail.com,doctor
515,Glenda,Riordan,Glenda.Riordan@yopmail.com,Glenda.Riordan@gmail.com,worker
516,Pierette,Deny,Pierette.Deny@yopmail.com,Pierette.Deny@gmail.com,firefighter
517,Addia,Candy,Addia.Candy@yopmail.com,Addia.Candy@gmail.com,worker
518,Minne,Lewes,Minne.Lewes@yopmail.com,Minne.Lewes@gmail.com,firefighter
519,Louella,Firmin,Louella.Firmin@yopmail.com,Louella.Firmin@gmail.com,police officer
520,June,Schalles,June.Schalles@yopmail.com,June.Schalles@gmail.com,doctor
521,Caressa,Dorothy,Caressa.Dorothy@yopmail.com,Caressa.Dorothy@gmail.com,developer
522,Lorie,Eiser,Lorie.Eiser@yopmail.com,Lorie.Eiser@gmail.com,developer
523,Florencia,Mathilde,Florencia.Mathilde@yopmail.com,Florencia.Mathilde@gmail.com,worker
524,Paule,Phi,Paule.Phi@yopmail.com,Paule.Phi@gmail.com,worker
525,Wanda,Thomasina,Wanda.Thomasina@yopmail.com,Wanda.Thomasina@gmail.com,police officer
526,Nelle,Esmaria,Nelle.Esmaria@yopmail.com,Nelle.Esmaria@gmail.com,worker
527,Clo,Wandie,Clo.Wandie@yopmail.com,Clo.Wandie@gmail.com,developer
528,Vere,Evangelia,Vere.Evangelia@yopmail.com,Vere.Evangelia@gmail.com,doctor
529,Madelle,Kenney,Madelle.Kenney@yopmail.com,Madelle.Kenney@gmail.com,doctor
530,Lenna,Dowski,Lenna.Dowski@yopmail.com,Lenna.Dowski@gmail.com,worker
531,Dorthy,Hertzfeld,Dorthy.Hertzfeld@yopmail.com,Dorthy.Hertzfeld@gmail.com,doctor
532,Anallese,Desai,Anallese.Desai@yopmail.com,Anallese.Desai@gmail.com,doctor
533,Hallie,Zina,Hallie.Zina@yopmail.com,Hallie.Zina@gmail.com,police officer
534,Shirlee,Seessel,Shirlee.Seessel@yopmail.com,Shirlee.Seessel@gmail.com,police officer
535,Hettie,Harday,Hettie.Harday@yopmail.com,Hettie.Harday@gmail.com,developer
536,Harrietta,Pelagias,Harrietta.Pelagias@yopmail.com,Harrietta.Pelagias@gmail.com,firefighter
537,Annice,Bach,Annice.Bach@yopmail.com,Annice.Bach@gmail.com,firefighter
538,Gretal,Cecile,Gretal.Cecile@yopmail.com,Gretal.Cecile@gmail.com,firefighter
539,Elora,Bach,Elora.Bach@yopmail.com,Elora.Bach@gmail.com,police officer
540,Marguerite,Olin,Marguerite.Olin@yopmail.com,Marguerite.Olin@gmail.com,developer
541,Cathie,Zina,Cathie.Zina@yopmail.com,Cathie.Zina@gmail.com,developer
542,Jinny,Chaing,Jinny.Chaing@yopmail.com,Jinny.Chaing@gmail.com,worker
543,Emelina,Fax,Emelina.Fax@yopmail.com,Emelina.Fax@gmail.com,worker
544,Dorene,Richers,Dorene.Richers@yopmail.com,Dorene.Richers@gmail.com,doctor
545,Grier,Brodench,Grier.Brodench@yopmail.com,Grier.Brodench@gmail.com,doctor
546,Vonny,Mallon,Vonny.Mallon@yopmail.com,Vonny.Mallon@gmail.com,developer
547,Roberta,Hunfredo,Roberta.Hunfredo@yopmail.com,Roberta.Hunfredo@gmail.com,worker
548,Talya,Avi,Talya.Avi@yopmail.com,Talya.Avi@gmail.com,police officer
549,Nollie,Kevon,Nollie.Kevon@yopmail.com,Nollie.Kevon@gmail.com,firefighter
550,Annice,Faro,Annice.Faro@yopmail.com,Annice.Faro@gmail.com,police officer
551,Rubie,Sigfrid,Rubie.Sigfrid@yopmail.com,Rubie.Sigfrid@gmail.com,developer
552,Ardenia,Devlen,Ardenia.Devlen@yopmail.com,Ardenia.Devlen@gmail.com,police officer
553,Helsa,Iiette,Helsa.Iiette@yopmail.com,Helsa.Iiette@gmail.com,firefighter
554,Jenda,Malanie,Jenda.Malanie@yopmail.com,Jenda.Malanie@gmail.com,firefighter
555,Damaris,Taam,Damaris.Taam@yopmail.com,Damaris.Taam@gmail.com,firefighter
556,Julieta,Reneta,Julieta.Reneta@yopmail.com,Julieta.Reneta@gmail.com,police officer
557,Modestia,Dosia,Modestia.Dosia@yopmail.com,Modestia.Dosia@gmail.com,worker
558,Kirstin,Jehu,Kirstin.Jehu@yopmail.com,Kirstin.Jehu@gmail.com,police officer
559,Felice,Franza,Felice.Franza@yopmail.com,Felice.Franza@gmail.com,police officer
560,Farrah,Moina,Farrah.Moina@yopmail.com,Farrah.Moina@gmail.com,doctor
561,Karly,Dahlia,Karly.Dahlia@yopmail.com,Karly.Dahlia@gmail.com,doctor
562,Berget,Oneida,Berget.Oneida@yopmail.com,Berget.Oneida@gmail.com,doctor
563,Augustine,Brotherson,Augustine.Brotherson@yopmail.com,Augustine.Brotherson@gmail.com,police officer
564,Shannah,Chem,Shannah.Chem@yopmail.com,Shannah.Chem@gmail.com,firefighter
565,Mady,Nea,Mady.Nea@yopmail.com,Mady.Nea@gmail.com,developer
566,Veda,Quinn,Veda.Quinn@yopmail.com,Veda.Quinn@gmail.com,police officer
567,Nannie,Rebecka,Nannie.Rebecka@yopmail.com,Nannie.Rebecka@gmail.com,police officer
568,Ileana,Pernick,Ileana.Pernick@yopmail.com,Ileana.Pernick@gmail.com,firefighter
569,Konstance,Wiener,Konstance.Wiener@yopmail.com,Konstance.Wiener@gmail.com,firefighter
570,Kathi,Artie,Kathi.Artie@yopmail.com,Kathi.Artie@gmail.com,firefighter
571,Odessa,Ehrman,Odessa.Ehrman@yopmail.com,Odessa.Ehrman@gmail.com,police officer
572,Margarette,O'Carroll,Margarette.O'Carroll@yopmail.com,Margarette.O'Carroll@gmail.com,police officer
573,Helena,Aaberg,Helena.Aaberg@yopmail.com,Helena.Aaberg@gmail.com,worker
574,Glenda,Natica,Glenda.Natica@yopmail.com,Glenda.Natica@gmail.com,police officer
575,Miquela,Imelida,Miquela.Imelida@yopmail.com,Miquela.Imelida@gmail.com,developer
576,Bettine,Rebecka,Bettine.Rebecka@yopmail.com,Bettine.Rebecka@gmail.com,worker
577,Dagmar,Poll,Dagmar.Poll@yopmail.com,Dagmar.Poll@gmail.com,police officer
578,Justinn,Bethany,Justinn.Bethany@yopmail.com,Justinn.Bethany@gmail.com,firefighter
579,Concettina,Klemperer,Concettina.Klemperer@yopmail.com,Concettina.Klemperer@gmail.com,police officer
580,Karina,Hoenack,Karina.Hoenack@yopmail.com,Karina.Hoenack@gmail.com,worker
581,Alleen,Marijo,Alleen.Marijo@yopmail.com,Alleen.Marijo@gmail.com,police officer
582,Brooks,Colbert,Brooks.Colbert@yopmail.com,Brooks.Colbert@gmail.com,firefighter
583,Arlena,Pitt,Arlena.Pitt@yopmail.com,Arlena.Pitt@gmail.com,doctor
584,Sandie,Love,Sandie.Love@yopmail.com,Sandie.Love@gmail.com,police officer
585,Marleah,Koehler,Marleah.Koehler@yopmail.com,Marleah.Koehler@gmail.com,developer
586,Ezmeralda,Parsaye,Ezmeralda.Parsaye@yopmail.com,Ezmeralda.Parsaye@gmail.com,developer
587,Agathe,Breed,Agathe.Breed@yopmail.com,Agathe.Breed@gmail.com,worker
588,Hallie,Wildermuth,Hallie.Wildermuth@yopmail.com,Hallie.Wildermuth@gmail.com,developer
589,Natka,Even,Natka.Even@yopmail.com,Natka.Even@gmail.com,developer
590,Jere,Helfand,Jere.Helfand@yopmail.com,Jere.Helfand@gmail.com,worker
591,Merry,Klotz,Merry.Klotz@yopmail.com,Merry.Klotz@gmail.com,developer
592,Norine,Voletta,Norine.Voletta@yopmail.com,Norine.Voletta@gmail.com,doctor
593,Lilith,Bethany,Lilith.Bethany@yopmail.com,Lilith.Bethany@gmail.com,worker
594,Annice,Eno,Annice.Eno@yopmail.com,Annice.Eno@gmail.com,doctor
595,Ketti,Jillane,Ketti.Jillane@yopmail.com,Ketti.Jillane@gmail.com,worker
596,Shel,Septima,Shel.Septima@yopmail.com,Shel.Septima@gmail.com,worker
597,Kellen,Pearse,Kellen.Pearse@yopmail.com,Kellen.Pearse@gmail.com,firefighter
598,Regina,Elsinore,Regina.Elsinore@yopmail.com,Regina.Elsinore@gmail.com,worker
599,Madelle,Magdalen,Madelle.Magdalen@yopmail.com,Madelle.Magdalen@gmail.com,firefighter
600,Mahalia,Jalbert,Mahalia.Jalbert@yopmail.com,Mahalia.Jalbert@gmail.com,doctor
601,Eve,Kaete,Eve.Kaete@yopmail.com,Eve.Kaete@gmail.com,police officer
602,Wynne,Leonard,Wynne.Leonard@yopmail.com,Wynne.Leonard@gmail.com,doctor
603,Jemie,Tice,Jemie.Tice@yopmail.com,Jemie.Tice@gmail.com,police officer
604,Vanessa,Wenda,Vanessa.Wenda@yopmail.com,Vanessa.Wenda@gmail.com,police officer
605,Cherrita,Sholley,Cherrita.Sholley@yopmail.com,Cherrita.Sholley@gmail.com,developer
606,Rosabelle,Killigrew,Rosabelle.Killigrew@yopmail.com,Rosabelle.Killigrew@gmail.com,worker
607,Catrina,Naor,Catrina.Naor@yopmail.com,Catrina.Naor@gmail.com,firefighter
608,Christy,Carvey,Christy.Carvey@yopmail.com,Christy.Carvey@gmail.com,doctor
609,Carlie,Vary,Carlie.Vary@yopmail.com,Carlie.Vary@gmail.com,worker
610,Grier,Meter,Grier.Meter@yopmail.com,Grier.Meter@gmail.com,developer
611,Peri,Kaete,Peri.Kaete@yopmail.com,Peri.Kaete@gmail.com,doctor
612,Kara-Lynn,Blisse,Kara-Lynn.Blisse@yopmail.com,Kara-Lynn.Blisse@gmail.com,doctor
613,Jinny,Jehu,Jinny.Jehu@yopmail.com,Jinny.Jehu@gmail.com,firefighter
614,Kenna,Harl,Kenna.Harl@yopmail.com,Kenna.Harl@gmail.com,doctor
615,Tatiania,Fairweather,Tatiania.Fairweather@yopmail.com,Tatiania.Fairweather@gmail.com,developer
616,Jeanna,Gordon,Jeanna.Gordon@yopmail.com,Jeanna.Gordon@gmail.com,worker
617,Lorne,Salchunas,Lorne.Salchunas@yopmail.com,Lorne.Salchunas@gmail.com,worker
618,Maisey,Rozanna,Maisey.Rozanna@yopmail.com,Maisey.Rozanna@gmail.com,police officer
619,Kylynn,Bakerman,Kylynn.Bakerman@yopmail.com,Kylynn.Bakerman@gmail.com,police officer
620,Abbie,Giff,Abbie.Giff@yopmail.com,Abbie.Giff@gmail.com,developer
621,Adelle,Imelida,Adelle.Imelida@yopmail.com,Adelle.Imelida@gmail.com,firefighter
622,Annabela,Timon,Annabela.Timon@yopmail.com,Annabela.Timon@gmail.com,developer
623,Fawne,Aldric,Fawne.Aldric@yopmail.com,Fawne.Aldric@gmail.com,doctor
624,Sidoney,Thomasina,Sidoney.Thomasina@yopmail.com,Sidoney.Thomasina@gmail.com,worker
625,Marjie,Pandolfi,Marjie.Pandolfi@yopmail.com,Marjie.Pandolfi@gmail.com,doctor
626,Stacey,Chick,Stacey.Chick@yopmail.com,Stacey.Chick@gmail.com,police officer
627,Kristan,Couture,Kristan.Couture@yopmail.com,Kristan.Couture@gmail.com,firefighter
628,Jaime,Raffo,Jaime.Raffo@yopmail.com,Jaime.Raffo@gmail.com,worker
629,Cyndie,Kimmie,Cyndie.Kimmie@yopmail.com,Cyndie.Kimmie@gmail.com,police officer
630,Glynnis,Pozzy,Glynnis.Pozzy@yopmail.com,Glynnis.Pozzy@gmail.com,worker
631,Courtnay,Richers,Courtnay.Richers@yopmail.com,Courtnay.Richers@gmail.com,doctor
632,Katharina,Erich,Katharina.Erich@yopmail.com,Katharina.Erich@gmail.com,worker
633,Kylynn,Dituri,Kylynn.Dituri@yopmail.com,Kylynn.Dituri@gmail.com,developer
634,Dennie,Nikaniki,Dennie.Nikaniki@yopmail.com,Dennie.Nikaniki@gmail.com,developer
635,Blake,Prober,Blake.Prober@yopmail.com,Blake.Prober@gmail.com,worker
636,Vonny,Fredi,Vonny.Fredi@yopmail.com,Vonny.Fredi@gmail.com,worker
637,Catrina,Haldas,Catrina.Haldas@yopmail.com,Catrina.Haldas@gmail.com,worker
638,Wynne,Thornburg,Wynne.Thornburg@yopmail.com,Wynne.Thornburg@gmail.com,firefighter
639,Ann-Marie,Trey,Ann-Marie.Trey@yopmail.com,Ann-Marie.Trey@gmail.com,firefighter
640,Fayre,Bethany,Fayre.Bethany@yopmail.com,Fayre.Bethany@gmail.com,worker
641,Susette,Germann,Susette.Germann@yopmail.com,Susette.Germann@gmail.com,developer
642,Gaylene,Pacorro,Gaylene.Pacorro@yopmail.com,Gaylene.Pacorro@gmail.com,doctor
643,Fredericka,Bow,Fredericka.Bow@yopmail.com,Fredericka.Bow@gmail.com,worker
644,Marjie,Kamaria,Marjie.Kamaria@yopmail.com,Marjie.Kamaria@gmail.com,firefighter
645,Babita,Adlare,Babita.Adlare@yopmail.com,Babita.Adlare@gmail.com,developer
646,Miquela,Clywd,Miquela.Clywd@yopmail.com,Miquela.Clywd@gmail.com,developer
647,Demetris,Hashim,Demetris.Hashim@yopmail.com,Demetris.Hashim@gmail.com,firefighter
648,Lolita,Darbie,Lolita.Darbie@yopmail.com,Lolita.Darbie@gmail.com,doctor
649,Cecile,Orpah,Cecile.Orpah@yopmail.com,Cecile.Orpah@gmail.com,doctor
650,Rochette,Rolf,Rochette.Rolf@yopmail.com,Rochette.Rolf@gmail.com,doctor
651,Ebonee,Nisbet,Ebonee.Nisbet@yopmail.com,Ebonee.Nisbet@gmail.com,developer
652,Clo,Edvard,Clo.Edvard@yopmail.com,Clo.Edvard@gmail.com,police officer
653,Sonni,Lumbard,Sonni.Lumbard@yopmail.com,Sonni.Lumbard@gmail.com,doctor
654,Frank,Schlosser,Frank.Schlosser@yopmail.com,Frank.Schlosser@gmail.com,worker
655,Heida,Loeb,Heida.Loeb@yopmail.com,Heida.Loeb@gmail.com,firefighter
656,Clary,Peg,Clary.Peg@yopmail.com,Clary.Peg@gmail.com,firefighter
657,Mara,Gombach,Mara.Gombach@yopmail.com,Mara.Gombach@gmail.com,developer
658,Karly,Lymann,Karly.Lymann@yopmail.com,Karly.Lymann@gmail.com,firefighter
659,Doralynne,Annabella,Doralynne.Annabella@yopmail.com,Doralynne.Annabella@gmail.com,police officer
660,Carolina,Myrilla,Carolina.Myrilla@yopmail.com,Carolina.Myrilla@gmail.com,worker
661,Regina,Markman,Regina.Markman@yopmail.com,Regina.Markman@gmail.com,worker
662,Correy,Allys,Correy.Allys@yopmail.com,Correy.Allys@gmail.com,worker
663,Gilda,Rozanna,Gilda.Rozanna@yopmail.com,Gilda.Rozanna@gmail.com,worker
664,Tori,Parette,Tori.Parette@yopmail.com,Tori.Parette@gmail.com,worker
665,Eadie,Nisbet,Eadie.Nisbet@yopmail.com,Eadie.Nisbet@gmail.com,firefighter
666,Katleen,Emmaline,Katleen.Emmaline@yopmail.com,Katleen.Emmaline@gmail.com,police officer
667,Darlleen,Mata,Darlleen.Mata@yopmail.com,Darlleen.Mata@gmail.com,developer
668,Ursulina,LaRue,Ursulina.LaRue@yopmail.com,Ursulina.LaRue@gmail.com,doctor
669,Tersina,Ingra,Tersina.Ingra@yopmail.com,Tersina.Ingra@gmail.com,firefighter
670,Emelina,Tound,Emelina.Tound@yopmail.com,Emelina.Tound@gmail.com,police officer
671,Thalia,Leopold,Thalia.Leopold@yopmail.com,Thalia.Leopold@gmail.com,worker
672,Lilith,Pulsifer,Lilith.Pulsifer@yopmail.com,Lilith.Pulsifer@gmail.com,police officer
673,Anthia,Byrne,Anthia.Byrne@yopmail.com,Anthia.Byrne@gmail.com,developer
674,Aeriela,Faust,Aeriela.Faust@yopmail.com,Aeriela.Faust@gmail.com,police officer
675,Cristine,Karna,Cristine.Karna@yopmail.com,Cristine.Karna@gmail.com,doctor
676,Caressa,Socha,Caressa.Socha@yopmail.com,Caressa.Socha@gmail.com,doctor
677,Carilyn,Lewes,Carilyn.Lewes@yopmail.com,Carilyn.Lewes@gmail.com,developer
678,Winifred,Vorster,Winifred.Vorster@yopmail.com,Winifred.Vorster@gmail.com,firefighter
679,Angela,Fosque,Angela.Fosque@yopmail.com,Angela.Fosque@gmail.com,developer
680,Annaliese,Han,Annaliese.Han@yopmail.com,Annaliese.Han@gmail.com,police officer
681,Lolita,Philipp,Lolita.Philipp@yopmail.com,Lolita.Philipp@gmail.com,worker
682,Madeleine,Docilla,Madeleine.Docilla@yopmail.com,Madeleine.Docilla@gmail.com,police officer
683,Krystle,Vacuva,Krystle.Vacuva@yopmail.com,Krystle.Vacuva@gmail.com,developer
684,Noelle,Minetta,Noelle.Minetta@yopmail.com,Noelle.Minetta@gmail.com,police officer
685,Lenna,Nadia,Lenna.Nadia@yopmail.com,Lenna.Nadia@gmail.com,developer
686,Brianna,Jena,Brianna.Jena@yopmail.com,Brianna.Jena@gmail.com,police officer
687,Sybille,Roche,Sybille.Roche@yopmail.com,Sybille.Roche@gmail.com,doctor
688,Marguerite,Germann,Marguerite.Germann@yopmail.com,Marguerite.Germann@gmail.com,doctor
689,Cecile,Suk,Cecile.Suk@yopmail.com,Cecile.Suk@gmail.com,developer
690,Kristan,Sandye,Kristan.Sandye@yopmail.com,Kristan.Sandye@gmail.com,doctor
691,Riannon,Syd,Riannon.Syd@yopmail.com,Riannon.Syd@gmail.com,doctor
692,Aurelie,Socha,Aurelie.Socha@yopmail.com,Aurelie.Socha@gmail.com,police officer
693,Mady,Erskine,Mady.Erskine@yopmail.com,Mady.Erskine@gmail.com,developer
694,Fina,Raychel,Fina.Raychel@yopmail.com,Fina.Raychel@gmail.com,doctor
695,Brianna,Leler,Brianna.Leler@yopmail.com,Brianna.Leler@gmail.com,doctor
696,Mara,Joachim,Mara.Joachim@yopmail.com,Mara.Joachim@gmail.com,police officer
697,Caryl,Grosz,Caryl.Grosz@yopmail.com,Caryl.Grosz@gmail.com,developer
698,Vanessa,Kunin,Vanessa.Kunin@yopmail.com,Vanessa.Kunin@gmail.com,doctor
699,Felice,Bennie,Felice.Bennie@yopmail.com,Felice.Bennie@gmail.com,police officer
700,Lorne,Anton,Lorne.Anton@yopmail.com,Lorne.Anton@gmail.com,firefighter
701,Emmey,Fontana,Emmey.Fontana@yopmail.com,Emmey.Fontana@gmail.com,developer
702,Joceline,Dreda,Joceline.Dreda@yopmail.com,Joceline.Dreda@gmail.com,developer
703,Cissiee,Noam,Cissiee.Noam@yopmail.com,Cissiee.Noam@gmail.com,police officer
704,Jsandye,Jefferey,Jsandye.Jefferey@yopmail.com,Jsandye.Jefferey@gmail.com,doctor
705,Valera,Laurianne,Valera.Laurianne@yopmail.com,Valera.Laurianne@gmail.com,doctor
706,Leia,Orelee,Leia.Orelee@yopmail.com,Leia.Orelee@gmail.com,developer
707,Reeba,Iaverne,Reeba.Iaverne@yopmail.com,Reeba.Iaverne@gmail.com,developer
708,Candi,Penelopa,Candi.Penelopa@yopmail.com,Candi.Penelopa@gmail.com,doctor
709,Quintina,Monk,Quintina.Monk@yopmail.com,Quintina.Monk@gmail.com,developer
710,Ermengarde,Carvey,Ermengarde.Carvey@yopmail.com,Ermengarde.Carvey@gmail.com,developer
711,Fanchon,Constancy,Fanchon.Constancy@yopmail.com,Fanchon.Constancy@gmail.com,police officer
712,Helsa,Minetta,Helsa.Minetta@yopmail.com,Helsa.Minetta@gmail.com,developer
713,Justinn,Connelly,Justinn.Connelly@yopmail.com,Justinn.Connelly@gmail.com,doctor
714,Kelly,Roarke,Kelly.Roarke@yopmail.com,Kelly.Roarke@gmail.com,developer
715,Mariann,Keelia,Mariann.Keelia@yopmail.com,Mariann.Keelia@gmail.com,firefighter
716,Cyb,Eno,Cyb.Eno@yopmail.com,Cyb.Eno@gmail.com,worker
717,Susette,My,Susette.My@yopmail.com,Susette.My@gmail.com,firefighter
718,Verla,Dermott,Verla.Dermott@yopmail.com,Verla.Dermott@gmail.com,police officer
719,Hope,Rugen,Hope.Rugen@yopmail.com,Hope.Rugen@gmail.com,firefighter
720,Rochette,Quinn,Rochette.Quinn@yopmail.com,Rochette.Quinn@gmail.com,doctor
721,Adriana,Schenck,Adriana.Schenck@yopmail.com,Adriana.Schenck@gmail.com,worker
722,Allis,Cleo,Allis.Cleo@yopmail.com,Allis.Cleo@gmail.com,police officer
723,Antonietta,Damarra,Antonietta.Damarra@yopmail.com,Antonietta.Damarra@gmail.com,doctor
724,Abbie,Carleen,Abbie.Carleen@yopmail.com,Abbie.Carleen@gmail.com,firefighter
725,Konstance,Brieta,Konstance.Brieta@yopmail.com,Konstance.Brieta@gmail.com,firefighter
726,Mildrid,Prober,Mildrid.Prober@yopmail.com,Mildrid.Prober@gmail.com,police officer
727,Letizia,Quent,Letizia.Quent@yopmail.com,Letizia.Quent@gmail.com,developer
728,Althea,Eachern,Althea.Eachern@yopmail.com,Althea.Eachern@gmail.com,developer
729,Gabriellia,Connelly,Gabriellia.Connelly@yopmail.com,Gabriellia.Connelly@gmail.com,doctor
730,Katharina,Anastatius,Katharina.Anastatius@yopmail.com,Katharina.Anastatius@gmail.com,doctor
731,Corry,Shanley,Corry.Shanley@yopmail.com,Corry.Shanley@gmail.com,worker
732,Kathi,Stilwell,Kathi.Stilwell@yopmail.com,Kathi.Stilwell@gmail.com,worker
733,Jacenta,Matthew,Jacenta.Matthew@yopmail.com,Jacenta.Matthew@gmail.com,firefighter
734,Nikki,Sparhawk,Nikki.Sparhawk@yopmail.com,Nikki.Sparhawk@gmail.com,developer
735,Renie,Earlie,Renie.Earlie@yopmail.com,Renie.Earlie@gmail.com,worker
736,Mathilda,Dermott,Mathilda.Dermott@yopmail.com,Mathilda.Dermott@gmail.com,worker
737,Josephine,Dunkin,Josephine.Dunkin@yopmail.com,Josephine.Dunkin@gmail.com,developer
738,Malina,Lareena,Malina.Lareena@yopmail.com,Malina.Lareena@gmail.com,firefighter
739,Jerry,Barney,Jerry.Barney@yopmail.com,Jerry.Barney@gmail.com,worker
740,Cissiee,Carolin,Cissiee.Carolin@yopmail.com,Cissiee.Carolin@gmail.com,worker
741,Julieta,Hathaway,Julieta.Hathaway@yopmail.com,Julieta.Hathaway@gmail.com,developer
742,Harmonia,Hirsch,Harmonia.Hirsch@yopmail.com,Harmonia.Hirsch@gmail.com,developer
743,Randa,Bow,Randa.Bow@yopmail.com,Randa.Bow@gmail.com,police officer
744,Daphne,Jillane,Daphne.Jillane@yopmail.com,Daphne.Jillane@gmail.com,police officer
745,Cathie,Suanne,Cathie.Suanne@yopmail.com,Cathie.Suanne@gmail.com,doctor
746,Kalina,Halsey,Kalina.Halsey@yopmail.com,Kalina.Halsey@gmail.com,police officer
747,Ermengarde,Primalia,Ermengarde.Primalia@yopmail.com,Ermengarde.Primalia@gmail.com,worker
748,Carol-Jean,Rosemary,Carol-Jean.Rosemary@yopmail.com,Carol-Jean.Rosemary@gmail.com,worker
749,Bertine,Fadiman,Bertine.Fadiman@yopmail.com,Bertine.Fadiman@gmail.com,doctor
750,Tilly,Darrell,Tilly.Darrell@yopmail.com,Tilly.Darrell@gmail.com,developer
751,Emilia,Destinee,Emilia.Destinee@yopmail.com,Emilia.Destinee@gmail.com,worker
752,Juliane,Levey,Juliane.Levey@yopmail.com,Juliane.Levey@gmail.com,doctor
753,Corina,Linehan,Corina.Linehan@yopmail.com,Corina.Linehan@gmail.com,developer
754,Suzette,Klemperer,Suzette.Klemperer@yopmail.com,Suzette.Klemperer@gmail.com,worker
755,Kaia,Linskey,Kaia.Linskey@yopmail.com,Kaia.Linskey@gmail.com,firefighter
756,Gloria,Hanshaw,Gloria.Hanshaw@yopmail.com,Gloria.Hanshaw@gmail.com,firefighter
757,Dorothy,Gilbertson,Dorothy.Gilbertson@yopmail.com,Dorothy.Gilbertson@gmail.com,police officer
758,Mildrid,Martguerita,Mildrid.Martguerita@yopmail.com,Mildrid.Martguerita@gmail.com,police officer
759,Tiffie,Stelle,Tiffie.Stelle@yopmail.com,Tiffie.Stelle@gmail.com,doctor
760,Ofilia,Martguerita,Ofilia.Martguerita@yopmail.com,Ofilia.Martguerita@gmail.com,developer
761,Kimmy,Loeb,Kimmy.Loeb@yopmail.com,Kimmy.Loeb@gmail.com,firefighter
762,Rayna,Behre,Rayna.Behre@yopmail.com,Rayna.Behre@gmail.com,police officer
763,Dorothy,Mata,Dorothy.Mata@yopmail.com,Dorothy.Mata@gmail.com,police officer
764,Debee,Demitria,Debee.Demitria@yopmail.com,Debee.Demitria@gmail.com,police officer
765,Ada,Fulmer,Ada.Fulmer@yopmail.com,Ada.Fulmer@gmail.com,police officer
766,Selma,Lorain,Selma.Lorain@yopmail.com,Selma.Lorain@gmail.com,firefighter
767,Lila,Rudolph,Lila.Rudolph@yopmail.com,Lila.Rudolph@gmail.com,firefighter
768,Joane,Nahum,Joane.Nahum@yopmail.com,Joane.Nahum@gmail.com,worker
769,Regina,Celestine,Regina.Celestine@yopmail.com,Regina.Celestine@gmail.com,firefighter
770,Kara-Lynn,Bach,Kara-Lynn.Bach@yopmail.com,Kara-Lynn.Bach@gmail.com,worker
771,Lanae,Soneson,Lanae.Soneson@yopmail.com,Lanae.Soneson@gmail.com,doctor
772,Sindee,Valerio,Sindee.Valerio@yopmail.com,Sindee.Valerio@gmail.com,firefighter
773,Katuscha,Redmond,Katuscha.Redmond@yopmail.com,Katuscha.Redmond@gmail.com,firefighter
774,Natka,Dahlia,Natka.Dahlia@yopmail.com,Natka.Dahlia@gmail.com,firefighter
775,Ingrid,Isidore,Ingrid.Isidore@yopmail.com,Ingrid.Isidore@gmail.com,developer
776,Candy,Horan,Candy.Horan@yopmail.com,Candy.Horan@gmail.com,developer
777,Kylynn,Chrystel,Kylynn.Chrystel@yopmail.com,Kylynn.Chrystel@gmail.com,developer
778,Kara-Lynn,Natalia,Kara-Lynn.Natalia@yopmail.com,Kara-Lynn.Natalia@gmail.com,police officer
779,Hayley,Suk,Hayley.Suk@yopmail.com,Hayley.Suk@gmail.com,doctor
780,Catrina,Catie,Catrina.Catie@yopmail.com,Catrina.Catie@gmail.com,worker
781,Abbie,Gordon,Abbie.Gordon@yopmail.com,Abbie.Gordon@gmail.com,doctor
782,Atlanta,Elo,Atlanta.Elo@yopmail.com,Atlanta.Elo@gmail.com,firefighter
783,Michaelina,Thilda,Michaelina.Thilda@yopmail.com,Michaelina.Thilda@gmail.com,developer
784,Sonni,Tomasina,Sonni.Tomasina@yopmail.com,Sonni.Tomasina@gmail.com,worker
785,Bobbi,Jethro,Bobbi.Jethro@yopmail.com,Bobbi.Jethro@gmail.com,firefighter
786,Beatriz,Chaing,Beatriz.Chaing@yopmail.com,Beatriz.Chaing@gmail.com,worker
787,Alyssa,Gamaliel,Alyssa.Gamaliel@yopmail.com,Alyssa.Gamaliel@gmail.com,firefighter
788,Gilligan,Drus,Gilligan.Drus@yopmail.com,Gilligan.Drus@gmail.com,developer
789,Sheree,Saint,Sheree.Saint@yopmail.com,Sheree.Saint@gmail.com,police officer
790,Rivalee,Westphal,Rivalee.Westphal@yopmail.com,Rivalee.Westphal@gmail.com,police officer
791,Gwenneth,Cassius,Gwenneth.Cassius@yopmail.com,Gwenneth.Cassius@gmail.com,doctor
792,Wynne,Whiffen,Wynne.Whiffen@yopmail.com,Wynne.Whiffen@gmail.com,firefighter
793,Marsiella,Edee,Marsiella.Edee@yopmail.com,Marsiella.Edee@gmail.com,firefighter
794,Rani,Telfer,Rani.Telfer@yopmail.com,Rani.Telfer@gmail.com,police officer
795,Joceline,Jillane,Joceline.Jillane@yopmail.com,Joceline.Jillane@gmail.com,firefighter
796,Gretal,Pauly,Gretal.Pauly@yopmail.com,Gretal.Pauly@gmail.com,doctor
797,Zia,Gilbertson,Zia.Gilbertson@yopmail.com,Zia.Gilbertson@gmail.com,worker
798,Cyndie,Secrest,Cyndie.Secrest@yopmail.com,Cyndie.Secrest@gmail.com,doctor
799,Linet,Dahlia,Linet.Dahlia@yopmail.com,Linet.Dahlia@gmail.com,worker
800,Rori,Leary,Rori.Leary@yopmail.com,Rori.Leary@gmail.com,doctor
801,Priscilla,Joachim,Priscilla.Joachim@yopmail.com,Priscilla.Joachim@gmail.com,police officer
802,Aigneis,Melony,Aigneis.Melony@yopmail.com,Aigneis.Melony@gmail.com,police officer
803,Lanna,Kronfeld,Lanna.Kronfeld@yopmail.com,Lanna.Kronfeld@gmail.com,doctor
804,Kathy,Trey,Kathy.Trey@yopmail.com,Kathy.Trey@gmail.com,doctor
805,Lanna,Wesle,Lanna.Wesle@yopmail.com,Lanna.Wesle@gmail.com,worker
806,Agathe,Bettine,Agathe.Bettine@yopmail.com,Agathe.Bettine@gmail.com,police officer
807,Mallory,Erminia,Mallory.Erminia@yopmail.com,Mallory.Erminia@gmail.com,doctor
808,Shaine,Eldrid,Shaine.Eldrid@yopmail.com,Shaine.Eldrid@gmail.com,worker
809,Paule,Annabella,Paule.Annabella@yopmail.com,Paule.Annabella@gmail.com,police officer
810,Tybie,Hachmin,Tybie.Hachmin@yopmail.com,Tybie.Hachmin@gmail.com,worker
811,Ninnetta,Koziara,Ninnetta.Koziara@yopmail.com,Ninnetta.Koziara@gmail.com,firefighter
812,Cassondra,Vanni,Cassondra.Vanni@yopmail.com,Cassondra.Vanni@gmail.com,developer
813,Fidelia,Tryck,Fidelia.Tryck@yopmail.com,Fidelia.Tryck@gmail.com,worker
814,Darci,Solitta,Darci.Solitta@yopmail.com,Darci.Solitta@gmail.com,worker
815,Peri,Nedrud,Peri.Nedrud@yopmail.com,Peri.Nedrud@gmail.com,worker
816,Priscilla,Allina,Priscilla.Allina@yopmail.com,Priscilla.Allina@gmail.com,doctor
817,Gui,Drus,Gui.Drus@yopmail.com,Gui.Drus@gmail.com,doctor
818,Netty,Skurnik,Netty.Skurnik@yopmail.com,Netty.Skurnik@gmail.com,worker
819,Dawn,Evangelia,Dawn.Evangelia@yopmail.com,Dawn.Evangelia@gmail.com,worker
820,Averyl,Autrey,Averyl.Autrey@yopmail.com,Averyl.Autrey@gmail.com,firefighter
821,Ebonee,Bryna,Ebonee.Bryna@yopmail.com,Ebonee.Bryna@gmail.com,police officer
822,Emelina,Sharl,Emelina.Sharl@yopmail.com,Emelina.Sharl@gmail.com,developer
823,Corina,Willie,Corina.Willie@yopmail.com,Corina.Willie@gmail.com,firefighter
824,Malina,Vins,Malina.Vins@yopmail.com,Malina.Vins@gmail.com,firefighter
825,Antonietta,Wiener,Antonietta.Wiener@yopmail.com,Antonietta.Wiener@gmail.com,developer
826,Aimil,Strephon,Aimil.Strephon@yopmail.com,Aimil.Strephon@gmail.com,firefighter
827,Tatiania,Screens,Tatiania.Screens@yopmail.com,Tatiania.Screens@gmail.com,doctor
828,Nikki,Bendick,Nikki.Bendick@yopmail.com,Nikki.Bendick@gmail.com,worker
829,Jenda,Trey,Jenda.Trey@yopmail.com,Jenda.Trey@gmail.com,police officer
830,Fred,Charmine,Fred.Charmine@yopmail.com,Fred.Charmine@gmail.com,worker
831,Kimberley,Eugenia,Kimberley.Eugenia@yopmail.com,Kimberley.Eugenia@gmail.com,doctor
832,Carilyn,Delila,Carilyn.Delila@yopmail.com,Carilyn.Delila@gmail.com,worker
833,Rosaline,Lory,Rosaline.Lory@yopmail.com,Rosaline.Lory@gmail.com,firefighter
834,Donetta,Jary,Donetta.Jary@yopmail.com,Donetta.Jary@gmail.com,police officer
835,Agnese,Viddah,Agnese.Viddah@yopmail.com,Agnese.Viddah@gmail.com,police officer
836,Giustina,Kunin,Giustina.Kunin@yopmail.com,Giustina.Kunin@gmail.com,developer
837,Dawn,Pitt,Dawn.Pitt@yopmail.com,Dawn.Pitt@gmail.com,developer
838,Norine,Corrine,Norine.Corrine@yopmail.com,Norine.Corrine@gmail.com,firefighter
839,Alie,Tamar,Alie.Tamar@yopmail.com,Alie.Tamar@gmail.com,firefighter
840,Marline,Carvey,Marline.Carvey@yopmail.com,Marline.Carvey@gmail.com,police officer
841,Misha,Emmy,Misha.Emmy@yopmail.com,Misha.Emmy@gmail.com,firefighter
842,Fina,Gaspard,Fina.Gaspard@yopmail.com,Fina.Gaspard@gmail.com,police officer
843,Romona,Agle,Romona.Agle@yopmail.com,Romona.Agle@gmail.com,worker
844,Heddie,Noam,Heddie.Noam@yopmail.com,Heddie.Noam@gmail.com,developer
845,Roberta,Lilybelle,Roberta.Lilybelle@yopmail.com,Roberta.Lilybelle@gmail.com,firefighter
846,Penelopa,Cookie,Penelopa.Cookie@yopmail.com,Penelopa.Cookie@gmail.com,developer
847,Mamie,Schlosser,Mamie.Schlosser@yopmail.com,Mamie.Schlosser@gmail.com,doctor
848,Sissy,Levey,Sissy.Levey@yopmail.com,Sissy.Levey@gmail.com,police officer
849,Rosanne,Saint,Rosanne.Saint@yopmail.com,Rosanne.Saint@gmail.com,worker
850,Elmira,Borrell,Elmira.Borrell@yopmail.com,Elmira.Borrell@gmail.com,doctor
851,Leanna,Robertson,Leanna.Robertson@yopmail.com,Leanna.Robertson@gmail.com,worker
852,Oralee,Primalia,Oralee.Primalia@yopmail.com,Oralee.Primalia@gmail.com,firefighter
853,Aurelie,Teryn,Aurelie.Teryn@yopmail.com,Aurelie.Teryn@gmail.com,worker
854,Regina,Merell,Regina.Merell@yopmail.com,Regina.Merell@gmail.com,firefighter
855,Mary,Jary,Mary.Jary@yopmail.com,Mary.Jary@gmail.com,doctor
856,Vere,Sheng,Vere.Sheng@yopmail.com,Vere.Sheng@gmail.com,worker
857,Genovera,Daveta,Genovera.Daveta@yopmail.com,Genovera.Daveta@gmail.com,doctor
858,Frances,Anton,Frances.Anton@yopmail.com,Frances.Anton@gmail.com,developer
859,Mariann,Markman,Mariann.Markman@yopmail.com,Mariann.Markman@gmail.com,doctor
860,Kate,Teddman,Kate.Teddman@yopmail.com,Kate.Teddman@gmail.com,firefighter
861,Kaja,Yam,Kaja.Yam@yopmail.com,Kaja.Yam@gmail.com,firefighter
862,Gusella,Yam,Gusella.Yam@yopmail.com,Gusella.Yam@gmail.com,doctor
863,Cindelyn,Ashok,Cindelyn.Ashok@yopmail.com,Cindelyn.Ashok@gmail.com,developer
864,Courtnay,Whiffen,Courtnay.Whiffen@yopmail.com,Courtnay.Whiffen@gmail.com,doctor
865,Ericka,Vittoria,Ericka.Vittoria@yopmail.com,Ericka.Vittoria@gmail.com,worker
866,Demetris,Garbe,Demetris.Garbe@yopmail.com,Demetris.Garbe@gmail.com,police officer
867,Lily,Carvey,Lily.Carvey@yopmail.com,Lily.Carvey@gmail.com,developer
868,Emma,Dowski,Emma.Dowski@yopmail.com,Emma.Dowski@gmail.com,police officer
869,Lucy,Hachmin,Lucy.Hachmin@yopmail.com,Lucy.Hachmin@gmail.com,police officer
870,Cecile,Drus,Cecile.Drus@yopmail.com,Cecile.Drus@gmail.com,firefighter
871,Asia,Avi,Asia.Avi@yopmail.com,Asia.Avi@gmail.com,worker
872,Lelah,Ledah,Lelah.Ledah@yopmail.com,Lelah.Ledah@gmail.com,developer
873,Starla,Konyn,Starla.Konyn@yopmail.com,Starla.Konyn@gmail.com,developer
874,Elie,Nahum,Elie.Nahum@yopmail.com,Elie.Nahum@gmail.com,police officer
875,Hallie,Ophelia,Hallie.Ophelia@yopmail.com,Hallie.Ophelia@gmail.com,developer
876,Reeba,Zaslow,Reeba.Zaslow@yopmail.com,Reeba.Zaslow@gmail.com,worker
877,Sheree,Hunfredo,Sheree.Hunfredo@yopmail.com,Sheree.Hunfredo@gmail.com,firefighter
878,Lisette,Brady,Lisette.Brady@yopmail.com,Lisette.Brady@gmail.com,doctor
879,Clarice,Chabot,Clarice.Chabot@yopmail.com,Clarice.Chabot@gmail.com,doctor
880,Imojean,Belanger,Imojean.Belanger@yopmail.com,Imojean.Belanger@gmail.com,worker
881,Steffane,Yate,Steffane.Yate@yopmail.com,Steffane.Yate@gmail.com,developer
882,Kimmy,Roxanna,Kimmy.Roxanna@yopmail.com,Kimmy.Roxanna@gmail.com,firefighter
883,Eadie,Zeeba,Eadie.Zeeba@yopmail.com,Eadie.Zeeba@gmail.com,worker
884,Queenie,Neils,Queenie.Neils@yopmail.com,Queenie.Neils@gmail.com,developer
885,Starla,Wattenberg,Starla.Wattenberg@yopmail.com,Starla.Wattenberg@gmail.com,police officer
886,Lanae,Boycey,Lanae.Boycey@yopmail.com,Lanae.Boycey@gmail.com,firefighter
887,Lanae,Evvie,Lanae.Evvie@yopmail.com,Lanae.Evvie@gmail.com,doctor
888,Shandie,Evangelia,Shandie.Evangelia@yopmail.com,Shandie.Evangelia@gmail.com,developer
889,Dolli,Frodi,Dolli.Frodi@yopmail.com,Dolli.Frodi@gmail.com,developer
890,Nyssa,Edmund,Nyssa.Edmund@yopmail.com,Nyssa.Edmund@gmail.com,firefighter
891,Consuela,Caitlin,Consuela.Caitlin@yopmail.com,Consuela.Caitlin@gmail.com,doctor
892,Sindee,Hylan,Sindee.Hylan@yopmail.com,Sindee.Hylan@gmail.com,worker
893,Karlee,Fancie,Karlee.Fancie@yopmail.com,Karlee.Fancie@gmail.com,doctor
894,Elora,Dreda,Elora.Dreda@yopmail.com,Elora.Dreda@gmail.com,firefighter
895,Fanny,Edmund,Fanny.Edmund@yopmail.com,Fanny.Edmund@gmail.com,developer
896,Tracey,Daveta,Tracey.Daveta@yopmail.com,Tracey.Daveta@gmail.com,doctor
897,Renie,Zina,Renie.Zina@yopmail.com,Renie.Zina@gmail.com,worker
898,Reeba,Allare,Reeba.Allare@yopmail.com,Reeba.Allare@gmail.com,firefighter
899,Selma,Zuzana,Selma.Zuzana@yopmail.com,Selma.Zuzana@gmail.com,developer
900,Marti,Killigrew,Marti.Killigrew@yopmail.com,Marti.Killigrew@gmail.com,firefighter
901,Lanae,Aida,Lanae.Aida@yopmail.com,Lanae.Aida@gmail.com,police officer
902,Rosene,Laurianne,Rosene.Laurianne@yopmail.com,Rosene.Laurianne@gmail.com,doctor
903,Aili,Scammon,Aili.Scammon@yopmail.com,Aili.Scammon@gmail.com,worker
904,Maye,Sherrie,Maye.Sherrie@yopmail.com,Maye.Sherrie@gmail.com,police officer
905,Danny,Wallis,Danny.Wallis@yopmail.com,Danny.Wallis@gmail.com,doctor
906,Perry,Barbey,Perry.Barbey@yopmail.com,Perry.Barbey@gmail.com,police officer
907,Reeba,Sprage,Reeba.Sprage@yopmail.com,Reeba.Sprage@gmail.com,firefighter
908,Melodie,Presber,Melodie.Presber@yopmail.com,Melodie.Presber@gmail.com,firefighter
909,Wynne,Philoo,Wynne.Philoo@yopmail.com,Wynne.Philoo@gmail.com,firefighter
910,Sue,Yorick,Sue.Yorick@yopmail.com,Sue.Yorick@gmail.com,police officer
911,Natka,Poppy,Natka.Poppy@yopmail.com,Natka.Poppy@gmail.com,worker
912,Rani,Stefa,Rani.Stefa@yopmail.com,Rani.Stefa@gmail.com,police officer
913,Alyda,Casimir,Alyda.Casimir@yopmail.com,Alyda.Casimir@gmail.com,developer
914,Lucy,Bearnard,Lucy.Bearnard@yopmail.com,Lucy.Bearnard@gmail.com,doctor
915,Roseline,Lutero,Roseline.Lutero@yopmail.com,Roseline.Lutero@gmail.com,firefighter
916,Allis,Argus,Allis.Argus@yopmail.com,Allis.Argus@gmail.com,doctor
917,Karina,Angelis,Karina.Angelis@yopmail.com,Karina.Angelis@gmail.com,firefighter
918,Chrystel,Voletta,Chrystel.Voletta@yopmail.com,Chrystel.Voletta@gmail.com,doctor
919,Bobinette,Artie,Bobinette.Artie@yopmail.com,Bobinette.Artie@gmail.com,police officer
920,Nickie,Casimir,Nickie.Casimir@yopmail.com,Nickie.Casimir@gmail.com,developer
921,Roslyn,Tomasina,Roslyn.Tomasina@yopmail.com,Roslyn.Tomasina@gmail.com,firefighter
922,Susette,Docilla,Susette.Docilla@yopmail.com,Susette.Docilla@gmail.com,worker
923,Fayre,Halla,Fayre.Halla@yopmail.com,Fayre.Halla@gmail.com,police officer
924,Roz,Maroney,Roz.Maroney@yopmail.com,Roz.Maroney@gmail.com,police officer
925,Helena,Winthorpe,Helena.Winthorpe@yopmail.com,Helena.Winthorpe@gmail.com,doctor
926,Concettina,Nerita,Concettina.Nerita@yopmail.com,Concettina.Nerita@gmail.com,police officer
927,Caryl,Yusuk,Caryl.Yusuk@yopmail.com,Caryl.Yusuk@gmail.com,doctor
928,Caritta,Ludewig,Caritta.Ludewig@yopmail.com,Caritta.Ludewig@gmail.com,firefighter
929,Gabi,Kenney,Gabi.Kenney@yopmail.com,Gabi.Kenney@gmail.com,worker
930,Shel,Modie,Shel.Modie@yopmail.com,Shel.Modie@gmail.com,police officer
931,Libbie,Raul,Libbie.Raul@yopmail.com,Libbie.Raul@gmail.com,developer
932,Glenda,Holtz,Glenda.Holtz@yopmail.com,Glenda.Holtz@gmail.com,worker
933,Jennica,Phi,Jennica.Phi@yopmail.com,Jennica.Phi@gmail.com,worker
934,Lorenza,Albertine,Lorenza.Albertine@yopmail.com,Lorenza.Albertine@gmail.com,doctor
935,Debee,Felecia,Debee.Felecia@yopmail.com,Debee.Felecia@gmail.com,doctor
936,Margette,Minetta,Margette.Minetta@yopmail.com,Margette.Minetta@gmail.com,developer
937,Vere,Kesley,Vere.Kesley@yopmail.com,Vere.Kesley@gmail.com,police officer
938,Mireielle,Christal,Mireielle.Christal@yopmail.com,Mireielle.Christal@gmail.com,developer
939,Zaria,Johanna,Zaria.Johanna@yopmail.com,Zaria.Johanna@gmail.com,worker
940,Lolita,Yerkovich,Lolita.Yerkovich@yopmail.com,Lolita.Yerkovich@gmail.com,doctor
941,Calla,Yuille,Calla.Yuille@yopmail.com,Calla.Yuille@gmail.com,firefighter
942,Kathi,Codding,Kathi.Codding@yopmail.com,Kathi.Codding@gmail.com,developer
943,Alisha,Hailee,Alisha.Hailee@yopmail.com,Alisha.Hailee@gmail.com,developer
944,Rochette,Zola,Rochette.Zola@yopmail.com,Rochette.Zola@gmail.com,police officer
945,Gilligan,Lubin,Gilligan.Lubin@yopmail.com,Gilligan.Lubin@gmail.com,worker
946,Gusella,Salchunas,Gusella.Salchunas@yopmail.com,Gusella.Salchunas@gmail.com,doctor
947,Ekaterina,Wenoa,Ekaterina.Wenoa@yopmail.com,Ekaterina.Wenoa@gmail.com,doctor
948,Jobi,Jacobah,Jobi.Jacobah@yopmail.com,Jobi.Jacobah@gmail.com,police officer
949,Angela,Martsen,Angela.Martsen@yopmail.com,Angela.Martsen@gmail.com,firefighter
950,Mamie,Fredi,Mamie.Fredi@yopmail.com,Mamie.Fredi@gmail.com,doctor
951,Estell,Florina,Estell.Florina@yopmail.com,Estell.Florina@gmail.com,firefighter
952,Chastity,Trinetta,Chastity.Trinetta@yopmail.com,Chastity.Trinetta@gmail.com,worker
953,Marinna,Reidar,Marinna.Reidar@yopmail.com,Marinna.Reidar@gmail.com,doctor
954,Eve,Guildroy,Eve.Guildroy@yopmail.com,Eve.Guildroy@gmail.com,developer
955,Marjie,Friede,Marjie.Friede@yopmail.com,Marjie.Friede@gmail.com,firefighter
956,Elena,Chabot,Elena.Chabot@yopmail.com,Elena.Chabot@gmail.com,police officer
957,Cecile,Fulmer,Cecile.Fulmer@yopmail.com,Cecile.Fulmer@gmail.com,police officer
958,Aryn,Kussell,Aryn.Kussell@yopmail.com,Aryn.Kussell@gmail.com,worker
959,Vinita,Yusuk,Vinita.Yusuk@yopmail.com,Vinita.Yusuk@gmail.com,police officer
960,Annaliese,McLaughlin,Annaliese.McLaughlin@yopmail.com,Annaliese.McLaughlin@gmail.com,police officer
961,Ann-Marie,Sothena,Ann-Marie.Sothena@yopmail.com,Ann-Marie.Sothena@gmail.com,firefighter
962,Lolita,Harday,Lolita.Harday@yopmail.com,Lolita.Harday@gmail.com,developer
963,Mahalia,MacIntosh,Mahalia.MacIntosh@yopmail.com,Mahalia.MacIntosh@gmail.com,police officer
964,Drucie,Weaks,Drucie.Weaks@yopmail.com,Drucie.Weaks@gmail.com,doctor
965,Constance,Kat,Constance.Kat@yopmail.com,Constance.Kat@gmail.com,developer
966,Michaelina,Yerkovich,Michaelina.Yerkovich@yopmail.com,Michaelina.Yerkovich@gmail.com,firefighter
967,Nariko,Schroth,Nariko.Schroth@yopmail.com,Nariko.Schroth@gmail.com,police officer
968,Annice,Sikorski,Annice.Sikorski@yopmail.com,Annice.Sikorski@gmail.com,police officer
969,Karlee,Killigrew,Karlee.Killigrew@yopmail.com,Karlee.Killigrew@gmail.com,developer
970,Katharina,Damarra,Katharina.Damarra@yopmail.com,Katharina.Damarra@gmail.com,worker
971,Justinn,Damarra,Justinn.Damarra@yopmail.com,Justinn.Damarra@gmail.com,police officer
972,Hannis,Mehalek,Hannis.Mehalek@yopmail.com,Hannis.Mehalek@gmail.com,police officer
973,Mireielle,Land,Mireielle.Land@yopmail.com,Mireielle.Land@gmail.com,worker
974,Cam,Thar,Cam.Thar@yopmail.com,Cam.Thar@gmail.com,firefighter
975,Eolanda,Brackely,Eolanda.Brackely@yopmail.com,Eolanda.Brackely@gmail.com,police officer
976,Marguerite,Keelia,Marguerite.Keelia@yopmail.com,Marguerite.Keelia@gmail.com,developer
977,Grier,Francene,Grier.Francene@yopmail.com,Grier.Francene@gmail.com,doctor
978,Coral,Wiener,Coral.Wiener@yopmail.com,Coral.Wiener@gmail.com,doctor
979,Chickie,Kristi,Chickie.Kristi@yopmail.com,Chickie.Kristi@gmail.com,firefighter
980,Lynnea,Syd,Lynnea.Syd@yopmail.com,Lynnea.Syd@gmail.com,worker
981,Susan,Diann,Susan.Diann@yopmail.com,Susan.Diann@gmail.com,firefighter
982,Tani,Jerald,Tani.Jerald@yopmail.com,Tani.Jerald@gmail.com,police officer
983,Fernande,Magnolia,Fernande.Magnolia@yopmail.com,Fernande.Magnolia@gmail.com,developer
984,Kittie,Wandie,Kittie.Wandie@yopmail.com,Kittie.Wandie@gmail.com,police officer
985,Roz,Ambrosia,Roz.Ambrosia@yopmail.com,Roz.Ambrosia@gmail.com,firefighter
986,Darlleen,Kare,Darlleen.Kare@yopmail.com,Darlleen.Kare@gmail.com,police officer
987,Dania,Lewes,Dania.Lewes@yopmail.com,Dania.Lewes@gmail.com,firefighter
988,Demetris,Ellord,Demetris.Ellord@yopmail.com,Demetris.Ellord@gmail.com,worker
989,Zia,Gerge,Zia.Gerge@yopmail.com,Zia.Gerge@gmail.com,police officer
990,Cyndie,Hanshaw,Cyndie.Hanshaw@yopmail.com,Cyndie.Hanshaw@gmail.com,police officer
991,Albertina,Knowling,Albertina.Knowling@yopmail.com,Albertina.Knowling@gmail.com,doctor
992,Joeann,Darbie,Joeann.Darbie@yopmail.com,Joeann.Darbie@gmail.com,developer
993,Kelly,Tjon,Kelly.Tjon@yopmail.com,Kelly.Tjon@gmail.com,police officer
994,Marita,Ambrosia,Marita.Ambrosia@yopmail.com,Marita.Ambrosia@gmail.com,firefighter
995,Brana,Pelagias,Brana.Pelagias@yopmail.com,Brana.Pelagias@gmail.com,firefighter
996,Kelly,Gamaliel,Kelly.Gamaliel@yopmail.com,Kelly.Gamaliel@gmail.com,doctor
997,Kelly,Abram,Kelly.Abram@yopmail.com,Kelly.Abram@gmail.com,doctor
998,Beverley,McCutcheon,Beverley.McCutcheon@yopmail.com,Beverley.McCutcheon@gmail.com,worker
999,Brena,Cyrie,Brena.Cyrie@yopmail.com,Brena.Cyrie@gmail.com,worker
1000,Florencia,Jalbert,Florencia.Jalbert@yopmail.com,Florencia.Jalbert@gmail.com,developer
1001,Asia,Meli,Asia.Meli@yopmail.com,Asia.Meli@gmail.com,worker
1002,Nollie,Tarrant,Nollie.Tarrant@yopmail.com,Nollie.Tarrant@gmail.com,worker
1003,Willetta,Scammon,Willetta.Scammon@yopmail.com,Willetta.Scammon@gmail.com,worker
1004,Lacie,Wooster,Lacie.Wooster@yopmail.com,Lacie.Wooster@gmail.com,worker
1005,Gilda,Vins,Gilda.Vins@yopmail.com,Gilda.Vins@gmail.com,firefighter
1006,Phylis,Grayce,Phylis.Grayce@yopmail.com,Phylis.Grayce@gmail.com,developer
1007,Chandra,Linskey,Chandra.Linskey@yopmail.com,Chandra.Linskey@gmail.com,firefighter
1008,Cyndie,Giule,Cyndie.Giule@yopmail.com,Cyndie.Giule@gmail.com,police officer
1009,Darci,Wolfgram,Darci.Wolfgram@yopmail.com,Darci.Wolfgram@gmail.com,worker
1010,Amii,Bigner,Amii.Bigner@yopmail.com,Amii.Bigner@gmail.com,firefighter
1011,Rosaline,Philipp,Rosaline.Philipp@yopmail.com,Rosaline.Philipp@gmail.com,doctor
1012,Janis,Dannye,Janis.Dannye@yopmail.com,Janis.Dannye@gmail.com,developer
1013,Kate,Afton,Kate.Afton@yopmail.com,Kate.Afton@gmail.com,firefighter
1014,Sibella,Regan,Sibella.Regan@yopmail.com,Sibella.Regan@gmail.com,firefighter
1015,Bibby,Atonsah,Bibby.Atonsah@yopmail.com,Bibby.Atonsah@gmail.com,doctor
1016,Kirbee,Gavrila,Kirbee.Gavrila@yopmail.com,Kirbee.Gavrila@gmail.com,worker
1017,Henriette,Jerald,Henriette.Jerald@yopmail.com,Henriette.Jerald@gmail.com,developer
1018,Beatriz,Ogren,Beatriz.Ogren@yopmail.com,Beatriz.Ogren@gmail.com,worker
1019,Nyssa,Hessler,Nyssa.Hessler@yopmail.com,Nyssa.Hessler@gmail.com,developer
1020,Carolina,Ephrem,Carolina.Ephrem@yopmail.com,Carolina.Ephrem@gmail.com,police officer
1021,Corry,Cutlerr,Corry.Cutlerr@yopmail.com,Corry.Cutlerr@gmail.com,firefighter
1022,Cherrita,Sandye,Cherrita.Sandye@yopmail.com,Cherrita.Sandye@gmail.com,police officer
1023,Cyb,Jena,Cyb.Jena@yopmail.com,Cyb.Jena@gmail.com,firefighter
1024,Emilia,Haldas,Emilia.Haldas@yopmail.com,Emilia.Haldas@gmail.com,developer
1025,Codie,Ioab,Codie.Ioab@yopmail.com,Codie.Ioab@gmail.com,police officer
1026,Amalie,Ferrell,Amalie.Ferrell@yopmail.com,Amalie.Ferrell@gmail.com,worker
1027,Carilyn,Stefa,Carilyn.Stefa@yopmail.com,Carilyn.Stefa@gmail.com,developer
1028,Silvana,Decato,Silvana.Decato@yopmail.com,Silvana.Decato@gmail.com,doctor
1029,Rani,Clara,Rani.Clara@yopmail.com,Rani.Clara@gmail.com,doctor
1030,Janis,Miru,Janis.Miru@yopmail.com,Janis.Miru@gmail.com,police officer
1031,Adriana,Rocray,Adriana.Rocray@yopmail.com,Adriana.Rocray@gmail.com,worker
1032,Clementine,Cutlerr,Clementine.Cutlerr@yopmail.com,Clementine.Cutlerr@gmail.com,worker
1033,Edith,Poppy,Edith.Poppy@yopmail.com,Edith.Poppy@gmail.com,doctor
1034,Stevana,Aldric,Stevana.Aldric@yopmail.com,Stevana.Aldric@gmail.com,firefighter
1035,Kara-Lynn,Cullin,Kara-Lynn.Cullin@yopmail.com,Kara-Lynn.Cullin@gmail.com,police officer
1036,Celene,Edmund,Celene.Edmund@yopmail.com,Celene.Edmund@gmail.com,developer
1037,Philis,Sperling,Philis.Sperling@yopmail.com,Philis.Sperling@gmail.com,doctor
1038,Carmela,Gemini,Carmela.Gemini@yopmail.com,Carmela.Gemini@gmail.com,firefighter
1039,Merle,Bivins,Merle.Bivins@yopmail.com,Merle.Bivins@gmail.com,firefighter
1040,Beatriz,Fiester,Beatriz.Fiester@yopmail.com,Beatriz.Fiester@gmail.com,worker
1041,Gilligan,Remmer,Gilligan.Remmer@yopmail.com,Gilligan.Remmer@gmail.com,doctor
1042,Cyb,McAdams,Cyb.McAdams@yopmail.com,Cyb.McAdams@gmail.com,police officer
1043,Lita,Wallis,Lita.Wallis@yopmail.com,Lita.Wallis@gmail.com,police officer
1044,Ekaterina,McGrody,Ekaterina.McGrody@yopmail.com,Ekaterina.McGrody@gmail.com,developer
1045,Kellen,Carmena,Kellen.Carmena@yopmail.com,Kellen.Carmena@gmail.com,police officer
1046,Karena,Heidt,Karena.Heidt@yopmail.com,Karena.Heidt@gmail.com,developer
1047,Lonnie,Mike,Lonnie.Mike@yopmail.com,Lonnie.Mike@gmail.com,doctor
1048,Paola,Cynar,Paola.Cynar@yopmail.com,Paola.Cynar@gmail.com,police officer
1049,Florie,Dimitris,Florie.Dimitris@yopmail.com,Florie.Dimitris@gmail.com,firefighter
1050,Tamqrah,Mike,Tamqrah.Mike@yopmail.com,Tamqrah.Mike@gmail.com,doctor
1051,Gertrud,Yoko,Gertrud.Yoko@yopmail.com,Gertrud.Yoko@gmail.com,firefighter
1052,Ermengarde,Fleeta,Ermengarde.Fleeta@yopmail.com,Ermengarde.Fleeta@gmail.com,police officer
1053,Isa,Serilda,Isa.Serilda@yopmail.com,Isa.Serilda@gmail.com,developer
1054,Rosanne,Gemini,Rosanne.Gemini@yopmail.com,Rosanne.Gemini@gmail.com,police officer
1055,Krystle,Esmaria,Krystle.Esmaria@yopmail.com,Krystle.Esmaria@gmail.com,developer
1056,Carmencita,Yorick,Carmencita.Yorick@yopmail.com,Carmencita.Yorick@gmail.com,police officer
1057,Averyl,Wooster,Averyl.Wooster@yopmail.com,Averyl.Wooster@gmail.com,firefighter
1058,Teriann,Lorenz,Teriann.Lorenz@yopmail.com,Teriann.Lorenz@gmail.com,worker
1059,Lesly,Henrie,Lesly.Henrie@yopmail.com,Lesly.Henrie@gmail.com,police officer
1060,Mireielle,Durware,Mireielle.Durware@yopmail.com,Mireielle.Durware@gmail.com,doctor
1061,Elfreda,Lasley,Elfreda.Lasley@yopmail.com,Elfreda.Lasley@gmail.com,police officer
1062,Katuscha,Hertzfeld,Katuscha.Hertzfeld@yopmail.com,Katuscha.Hertzfeld@gmail.com,worker
1063,Andeee,Abbot,Andeee.Abbot@yopmail.com,Andeee.Abbot@gmail.com,police officer
1064,Hope,Ledah,Hope.Ledah@yopmail.com,Hope.Ledah@gmail.com,worker
1065,Pearline,Pettiford,Pearline.Pettiford@yopmail.com,Pearline.Pettiford@gmail.com,developer
1066,Arlena,Cristi,Arlena.Cristi@yopmail.com,Arlena.Cristi@gmail.com,doctor
1067,Vinita,Angelis,Vinita.Angelis@yopmail.com,Vinita.Angelis@gmail.com,developer
1068,Ronna,Meli,Ronna.Meli@yopmail.com,Ronna.Meli@gmail.com,firefighter
1069,Lonnie,Johanna,Lonnie.Johanna@yopmail.com,Lonnie.Johanna@gmail.com,worker
1070,Rebeca,Infield,Rebeca.Infield@yopmail.com,Rebeca.Infield@gmail.com,police officer
1071,Claresta,Waldron,Claresta.Waldron@yopmail.com,Claresta.Waldron@gmail.com,developer
1072,Josephine,Tice,Josephine.Tice@yopmail.com,Josephine.Tice@gmail.com,police officer
1073,Corene,Jacinda,Corene.Jacinda@yopmail.com,Corene.Jacinda@gmail.com,police officer
1074,Cassandra,Ferino,Cassandra.Ferino@yopmail.com,Cassandra.Ferino@gmail.com,firefighter
1075,Netty,Cleavland,Netty.Cleavland@yopmail.com,Netty.Cleavland@gmail.com,firefighter
1076,Petronia,Lorenz,Petronia.Lorenz@yopmail.com,Petronia.Lorenz@gmail.com,worker
1077,Kylynn,Chesna,Kylynn.Chesna@yopmail.com,Kylynn.Chesna@gmail.com,firefighter
1078,Arlina,Hazlett,Arlina.Hazlett@yopmail.com,Arlina.Hazlett@gmail.com,developer
1079,Justinn,Suk,Justinn.Suk@yopmail.com,Justinn.Suk@gmail.com,worker
1080,Kimberley,Oriana,Kimberley.Oriana@yopmail.com,Kimberley.Oriana@gmail.com,police officer
1081,Lenna,Engdahl,Lenna.Engdahl@yopmail.com,Lenna.Engdahl@gmail.com,developer
1082,Cacilie,Chesna,Cacilie.Chesna@yopmail.com,Cacilie.Chesna@gmail.com,firefighter
1083,Elise,Jary,Elise.Jary@yopmail.com,Elise.Jary@gmail.com,developer
1084,Aili,Niles,Aili.Niles@yopmail.com,Aili.Niles@gmail.com,police officer
1085,Zaria,Buckler,Zaria.Buckler@yopmail.com,Zaria.Buckler@gmail.com,police officer
1086,Doralynne,Sacken,Doralynne.Sacken@yopmail.com,Doralynne.Sacken@gmail.com,worker
1087,Grier,Tryck,Grier.Tryck@yopmail.com,Grier.Tryck@gmail.com,firefighter
1088,Carree,Poll,Carree.Poll@yopmail.com,Carree.Poll@gmail.com,developer
1089,Lynea,Adamsen,Lynea.Adamsen@yopmail.com,Lynea.Adamsen@gmail.com,worker
1090,Jordan,Rosette,Jordan.Rosette@yopmail.com,Jordan.Rosette@gmail.com,developer
1091,Nicoli,Fink,Nicoli.Fink@yopmail.com,Nicoli.Fink@gmail.com,police officer
1092,Lory,Janene,Lory.Janene@yopmail.com,Lory.Janene@gmail.com,developer
1093,Maryellen,Romelda,Maryellen.Romelda@yopmail.com,Maryellen.Romelda@gmail.com,developer
1094,Andree,Cyrie,Andree.Cyrie@yopmail.com,Andree.Cyrie@gmail.com,developer
1095,Kelly,Selway,Kelly.Selway@yopmail.com,Kelly.Selway@gmail.com,police officer
1096,Donnie,Hubert,Donnie.Hubert@yopmail.com,Donnie.Hubert@gmail.com,worker
1097,Viviene,Ade,Viviene.Ade@yopmail.com,Viviene.Ade@gmail.com,police officer
1098,Nariko,Killigrew,Nariko.Killigrew@yopmail.com,Nariko.Killigrew@gmail.com,developer
1099,Althea,Bates,Althea.Bates@yopmail.com,Althea.Bates@gmail.com,worker